VendorID,Name,ContactEmail,Phone
V01,Frazier Group,odecker@knight.com,069.844.3081
V02,Andrews LLC,moralesjoseph@martinez.com,001.321.7423
V03,Wood PLC,trobertson@odonnell.com,580-713-0041x178
V04,"Johnson, Barnett and Brown",mcannon@young-brown.com,219.626.1242
V05,"Carey, Kennedy and Davis",thompsonshane@colon-reynolds.com,(340)258-0443x55498
V06,Oneill Inc,rebeccawilson@collins-morales.com,+1-236-627-6867x5697
V07,Rosales LLC,qolsen@brown-acevedo.org,(467)071-3787x6873
V08,Roberts-Williams,anita81@brown.com,(964)857-9848x34809
V09,Mills Inc,ginageorge@kim.net,001-017-818-3282x0805
V10,Bennett Ltd,mstanley@knight-valenzuela.com,951-567-7979x581
V11,Allison Group,sarahedwards@hammond-foster.com,299-240-9794x00388
V12,"Hall, Farrell and Cummings",tracybowen@pacheco.info,380-303-5845
V13,Jackson Group,hburgess@greene.com,001-024-510-0873
V14,Hall Ltd,carrilloerin@brooks.com,(158)017-1976
V15,Gordon and Sons,lisa63@pacheco.com,001-130-052-8581
V16,"Owen, Young and Lopez",burtonjose@lamb.com,(478)008-9445
V17,Miller-Owen,hpatton@lutz.com,6294802276
V18,"Harris, Smith and Jackson",chelsea06@thompson-carlson.info,+1-958-984-3448
V19,Parks-Mathis,kevinsavage@fletcher.biz,(831)418-2225x0007
V20,Anderson Group,julia63@reed.biz,(409)923-4346x284
V21,Diaz-Evans,amanda01@chambers-perez.biz,(093)020-0161x96674
V22,"Austin, Perkins and Holmes",joyreed@weaver.net,394-566-4348x099
V23,Rocha Group,christinalarson@mathews.com,629-553-7676
V24,Morris-Bauer,hernandezbrian@rodriguez.com,001-216-746-1780x48449
V25,"Ruiz, Campbell and Meza",psnyder@holt-morgan.net,817-925-1119
V26,Wu-Burton,bradley68@carter.com,982.565.1111x213
V27,Scott-Brown,eadams@brown.biz,001-803-350-9679x2221
V28,"Owen, Mccormick and Sullivan",loganflynn@williams.org,(995)012-6221
V29,"Yoder, Gilbert and Baldwin",gaustin@garcia-walker.com,+1-705-928-9118x2493
V30,"Cooper, Williams and Rocha",smata@rodriguez.biz,(451)572-0515x8180
V31,Castro Inc,alexandermorales@walker.com,556-908-6871x41968
V32,Walker-Bowen,shirley54@taylor.com,578.104.6463x815
V33,"Kim, Garcia and Lewis",collinsjustin@kramer-matthews.com,+1-070-340-1305x850
V34,"Murray, Larson and Brewer",lewiswayne@mclean-sanchez.com,001-947-046-5410x9697
V35,"Middleton, Brown and Ramirez",davidspencer@campbell.com,253.894.7049x9545
V36,Jordan Group,mariahsmith@johnson.com,+1-595-016-0429
V37,Williams and Sons,htaylor@jones.biz,+1-976-955-1261x2663
V38,Williams-Gonzales,adam86@mcintyre.biz,+1-744-239-7026
V39,Hendricks-Butler,kellykimberly@estrada.com,620-166-7446
V40,Alexander and Sons,wblack@mueller.org,+1-844-615-4725x777
V41,Evans-Jones,nicholas25@johnson.biz,653.453.4416
V42,"Gaines, Perez and Ward",aobrien@strickland.org,(264)666-2475x36368
V43,Foster Inc,ahall@gomez-moore.com,996-786-2070x84940
V44,Watson Ltd,scott74@olson.com,367.999.4913x1012
V45,Lopez-Juarez,heathercarter@williams.com,550.284.2076
V46,Jones Inc,ashleyperry@campbell.com,448.809.3997x81039
V47,Baker-Harris,danielchavez@salazar.com,+1-878-778-4427x6534
V48,"Mccarty, Fox and Clark",christopherhuff@welch.com,(285)280-6519
V49,Davis-Guzman,michelle85@brooks.com,171-255-3484
V50,Tucker-Chambers,rebecca09@smith.org,277.143.1447
