CustomerID,Name,Email,Phone,Address,City,State,ZipCode,Country,RegistrationDate
C0001,Jason Mcclure,stronggeorge@hotmail.com,765-502-2787x32196,"65749 Diana Pine Suite 147, West Katie, UT 96688",Hopkinsville,NJ,88085,Svalbard & Jan Mayen Islands,2023-01-16
C0002,Katie Mercer,jasoncollins@yahoo.com,(951)514-7082x64697,"8620 Holland Courts Apt. 581, Robertberg, IL 27976",Lake Carlos,LA,54277,Andorra,2022-01-14
C0003,Matthew Taylor,tiffanychan@hotmail.com,502.443.2254x10798,"473 Robinson Valleys Apt. 044, Nelsonland, ID 51880",Brandonview,NJ,32046,Western Sahara,2024-11-29
C0004,Patrick Davis,alexander48@hotmail.com,618.907.6633x7826,"39076 Ashley Mountain Apt. 075, Michellemouth, SD 98089",South Kimberlyville,NY,66107,Svalbard & Jan Mayen Islands,2024-01-13
C0005,Matthew Curry,andreavincent@tyler.info,+1-352-016-0723x4725,"105 Shepard Rue Suite 174, New Christopherbury, AK 64540",Rojasland,NE,94790,Algeria,2022-01-24
C0006,Mr. Edward Johnson,herreralindsey@yahoo.com,+1-981-081-1009x662,"Unit 0311 Box 1850, DPO AA 77894",Kington,TX,76201,Guatemala,2023-06-10
C0007,Jennifer Mosley,cynthiaflores@jensen-mccormick.com,+1-355-267-1705x36981,"USCGC Ward, FPO AP 59516",Edwardland,ME,83738,United Arab Emirates,2022-10-09
C0008,Michael Pierce,robert08@harris.com,+1-931-725-2201x2533,"44696 Samuel Key Suite 326, Rebeccamouth, NC 54158",South Jeremyton,WI,69742,Belarus,2020-03-14
C0009,Kimberly Hancock,jonathanvance@rogers-johns.com,001-199-766-3586x87558,"PSC 1928, Box 1641, APO AP 26475",East Brian,RI,45585,Maldives,2023-11-17
C0010,Brittany Fernandez,mercervanessa@collins.org,0345197459,"1977 Farmer Glen Suite 400, East David, CT 15865",Walkerborough,CT,96957,Bosnia and Herzegovina,2024-08-25
C0011,Amanda Prince,traceycharles@collier.org,856-896-5456,"14954 Jennifer Park, Jamesfort, WV 57013",Port Kylie,OH,68044,Denmark,2020-11-02
C0012,Amy Watson,vkelly@yahoo.com,001-474-777-9500x93278,"1975 Green River, Mollystad, IN 93394",Port Nicholasland,HI,66158,Bouvet Island (Bouvetoya),2023-10-17
C0013,Debra Willis,cunninghambrandon@anderson.com,(177)555-8379,"629 Cameron Hollow, New Christopher, SD 61952",Jacquelineside,AZ,94347,Nicaragua,2021-03-21
C0014,Kevin Horton,erinhess@harrell.net,2075547716,"46280 Hamilton Squares Suite 008, Fosterland, MA 80413",Lopezburgh,CT,80750,Belize,2021-05-04
C0015,Michael Davis,sday@bell-stephens.biz,+1-472-710-4707,"24422 Stewart Heights Apt. 724, Howeshire, IA 97674",Holmesfort,ID,18161,Brunei Darussalam,2022-06-28
C0016,Don Jones,vasquezrobert@hotmail.com,973.797.8431,"1235 Roberto Motorway, Bauerburgh, MD 16395",Davisside,CO,95916,Yemen,2023-10-03
C0017,Scott Kennedy,fvillanueva@garcia-young.com,+1-724-716-2045,"USS Shaw, FPO AA 45636",New Brittany,NH,52114,Botswana,2022-08-19
C0018,Suzanne Pitts,karla70@yahoo.com,089.403.0375x223,"64202 Walker Path, Danielstad, KY 69568",Port Christopherview,CT,13613,Guinea-Bissau,2024-05-14
C0019,Ruth Patterson,andreweverett@morgan-wood.com,+1-034-385-8145x96739,"0455 Martha Courts, Millertown, AZ 05339",Warrenfort,IN,22701,Brunei Darussalam,2024-11-30
C0020,Bruce Salazar,eric43@young-hansen.net,2148684242,"149 Johnson Inlet Suite 014, Calebshire, MO 52145",Nataliefurt,IA,72138,Uganda,2022-01-21
C0021,April Jones,burtonjohn@briggs.net,+1-363-988-4510x879,"100 Horne Shoal, Espinozaberg, PA 75761",Robinsonborough,CO,73165,Finland,2021-06-09
C0022,Michael Gonzalez,thomastimothy@hotmail.com,001-664-442-1223,"PSC 3415, Box 8495, APO AP 44271",Port Jennifer,MO,76859,Nicaragua,2021-08-01
C0023,Jacqueline Thompson,wstrong@yahoo.com,001-356-735-6666,"68450 Christopher Ways Suite 970, East Rachael, PA 71079",East Jamieburgh,AR,25784,Korea,2021-09-01
C0024,Steven Wallace,stacie71@gmail.com,629-140-2268x586,"1591 Jordan Oval Apt. 645, North Natalieville, WA 83036",Kellyport,CO,02153,Bulgaria,2022-09-10
C0025,Patricia Foster,sarah65@yahoo.com,(231)448-2896x0800,"4885 Walker Mission, Millerview, OH 85856",West Jasonside,ND,00729,Colombia,2022-11-09
C0026,Amber Carlson,kelliefrey@yahoo.com,177-517-0710,"8909 Gay Knolls, Port Aaron, NJ 60182",North Lawrence,NM,43600,Uruguay,2024-11-22
C0027,Jacob Walker,williamsdonald@harris.com,520-454-3395x899,"0830 Cooke Radial Suite 541, Bryanhaven, NC 35300",Gloverfort,SC,15452,Vietnam,2020-12-05
C0028,Michele Huff,bperkins@gmail.com,001-412-650-0057x711,"8193 Ruben Lodge, West Mariahtown, SD 90216",Piercebury,NH,33687,Finland,2021-07-20
C0029,Jacob Pierce,kgreene@stewart-ferguson.com,(996)362-5803,"Unit 5634 Box 3987, DPO AE 97353",East Brendachester,WA,08886,Slovenia,2022-01-21
C0030,Mr. Robert Harris,stephanie37@hotmail.com,001-051-401-9736x0267,"7604 Anna Ways Apt. 255, Stewartland, AL 47959",Jensenmouth,KS,05399,Cameroon,2020-06-26
C0031,Catherine Sanford,andrewolson@hotmail.com,+1-822-538-9453,"53038 Gonzalez Underpass, Lake Crystalland, AK 21533",South Anne,MD,83016,Jersey,2022-03-22
C0032,Douglas Young,nwillis@riley-hernandez.net,841-851-3917,"USNS Long, FPO AE 28582",Lake Frankland,MN,51683,Suriname,2022-10-29
C0033,Michael Garcia,aaron95@allen.net,137-909-8991x41750,"035 Jason Streets Suite 738, Tiffanyport, OR 34827",Lake Roberthaven,NH,01211,French Guiana,2021-01-08
C0034,Megan Gomez,cguerra@powell-parker.com,+1-251-230-0313x6432,"18198 Marcus Square Apt. 844, Willischester, LA 70559",South Austin,NE,24446,Lao People's Democratic Republic,2021-01-05
C0035,Ryan Baker,jasonellison@moore.com,+1-173-692-9481x5147,"1644 Esparza Valley Apt. 397, Neilside, CA 95731",Matthewshire,ND,69712,Burundi,2022-06-07
C0036,Donna Reyes,novakandrea@gmail.com,832-876-4305x4059,"1259 Christopher Route Apt. 625, New Michaelmouth, ND 01742",Mollyshire,NJ,79213,Mali,2024-10-26
C0037,Yolanda Hayes,heathertaylor@gmail.com,+1-345-939-7899x5594,"1918 Heather Junctions, North Kristina, TX 21021",Ronaldfurt,SD,62656,Wallis and Futuna,2022-01-05
C0038,Hunter Howard,nicholsemily@yahoo.com,001-056-832-6595x2367,"95486 Carrie Cove, New Teresa, DC 36654",Holderborough,NH,09864,French Southern Territories,2024-08-27
C0039,Christina Anderson,donna67@hotmail.com,589-192-4775x8904,"5786 Luna Trail Apt. 965, West John, VT 59407",West Robert,TN,70635,Ukraine,2023-11-30
C0040,Joseph Strickland,davisdaniel@shepard.com,(965)882-9722,"404 Michael Mill Suite 352, South Douglasburgh, NY 26445",East Oscar,MN,83342,Paraguay,2021-01-09
C0041,Heather Campos,wilsonjulie@cox.com,001-217-749-2100x08546,"USNS Hamilton, FPO AP 82238",East David,ND,26693,Cayman Islands,2023-12-04
C0042,Jason Solis,rebecca93@brown.org,489-496-1244,"36255 Erica Haven, Fryeland, OR 16590",East Joseph,NE,68108,Ireland,2022-04-05
C0043,Taylor Wilson,stephanie19@black-perkins.com,7113510540,"2160 Morris Shoal, Port Andrea, VA 65941",Tamaratown,MA,66688,Ecuador,2021-07-29
C0044,Ronald Morales,frederick05@shields-douglas.biz,210.389.1422x6008,"4797 Susan Trail, Rogersborough, MO 61436",Fryborough,MD,98078,Nigeria,2021-03-08
C0045,Karen Johnson,joshuachen@williams.net,+1-468-812-2925x78361,"Unit 4148 Box 3010, DPO AA 76881",Lynnburgh,NJ,24221,Costa Rica,2022-06-03
C0046,James Howard,roger91@hotmail.com,921-579-3225,"1316 Cole Mission Apt. 150, West Adamville, WY 99258",Daviston,VA,73605,Guatemala,2024-07-20
C0047,Kelly Bradshaw,loritaylor@yahoo.com,628-051-1376x57981,"399 Carter Skyway Suite 067, Port Susan, NC 54741",Masonstad,MS,21136,Monaco,2023-04-29
C0048,Joyce Schultz,matthewfarmer@fuller.com,4364572004,"PSC 5296, Box 5819, APO AA 53398",Port Michael,MI,24726,United States Virgin Islands,2022-06-06
C0049,Debra Anderson,hardyrebekah@yahoo.com,+1-700-905-3127x41110,"38090 Bush Pike, South Annhaven, OR 18272",Andersonberg,LA,44344,British Virgin Islands,2024-05-19
C0050,Andrea Hudson,thomas93@hanson.info,0039964010,"40779 Kevin Cove, South Ashley, DC 89505",West Keithburgh,DE,20364,France,2022-02-09
C0051,Dean Morgan,scottbetty@yahoo.com,2884769902,"73255 Jenkins Fords, East Jeremychester, SC 74022",Wellsstad,MD,56089,Egypt,2019-12-13
C0052,Thomas Jones,kimberly45@yahoo.com,2144158514,"28010 Tony Spurs Apt. 473, Port Scottmouth, AZ 46598",Perezhaven,UT,79599,Malta,2024-07-07
C0053,Tina Hanson,christina51@yahoo.com,+1-921-426-6022x0104,"412 Kelly Mission, Collinsport, NH 38333",Browntown,OK,30117,Seychelles,2022-04-10
C0054,Shelly Fowler,psmith@yahoo.com,100-558-9273x3847,"6037 Thomas Pines Suite 775, New Carolyn, AK 53655",Youngside,WY,66575,Gambia,2023-07-26
C0055,Brian Swanson,ryankelley@nichols.com,014.240.8636,"78925 Megan Underpass Apt. 951, Torresborough, WI 65450",North Sheriport,NE,55147,Western Sahara,2024-09-09
C0056,Eric Wilcox,sanchezsteve@hotmail.com,001-329-378-4533x7686,"394 Fields Meadows Apt. 775, Pughburgh, AL 98616",Chadville,NJ,26457,Malawi,2020-07-24
C0057,Emily Moore,kylelewis@yahoo.com,0272309431,"196 Moore Cove Apt. 724, North Jameschester, MT 21749",South Anthonyfurt,NM,10736,Bosnia and Herzegovina,2020-05-26
C0058,Juan Blankenship,ashleydavis@baker.com,853.373.6210x4994,"66379 Burns Square, North Steven, KY 51627",Port Rebeccashire,TX,47049,American Samoa,2020-02-06
C0059,Jesus Weber,erinkennedy@hanson-dennis.com,476-025-5661x919,"590 Sabrina Burg Suite 015, Gilmoreshire, AK 93524",Jenniferchester,ID,23341,Turks and Caicos Islands,2020-04-28
C0060,John Cooper,adavis@burns.com,951-925-3776,"129 Christian Gardens, West Curtismouth, CT 44289",New Meghan,AK,20689,Georgia,2022-11-15
C0061,Brenda Long,nathanmiller@yahoo.com,842-693-8136,"USS Anderson, FPO AA 48717",Port Susanburgh,SD,45664,Kenya,2022-05-25
C0062,Harold Lewis,megan39@martinez.com,744-728-6730x273,"59800 Becker Turnpike, Smithfort, DE 93157",Deanhaven,CA,99594,Micronesia,2023-05-19
C0063,Allison Armstrong,bellshannon@campbell-potter.com,+1-797-881-3276x611,"Unit 4801 Box 0940, DPO AP 12850",West Amy,AK,59007,South Africa,2022-12-19
C0064,Kathryn Greene,rebecca65@yahoo.com,294.705.9151,"9063 Charles Mount Apt. 246, New Sandra, CA 23109",Port Courtneystad,GA,38542,Western Sahara,2023-05-08
C0065,Kristina Hartman,david96@hotmail.com,7840806850,"45921 Richard Dam, Laurenstad, PA 94747",West Christine,IL,59764,Cyprus,2024-09-17
C0066,James Munoz,vturner@hotmail.com,683.182.0433,"2268 Guzman Stream Suite 100, Mcbridemouth, MS 71616",West Erictown,WV,05284,Djibouti,2023-04-22
C0067,John Allison,michael75@hotmail.com,001-894-361-1296x50471,"8415 Williams Wells, Williamsside, ND 95633",Roachshire,NE,97802,Guernsey,2024-02-04
C0068,Howard Williams,jeffery74@hotmail.com,001-349-934-3881x69523,"235 Tamara Throughway, Matthewshire, NE 56040",North Melissamouth,WI,78383,Philippines,2020-07-22
C0069,Fred Graham,johnestrada@stewart-cardenas.com,979.604.7841x2696,"5795 Roberts Coves, Oconnorborough, WV 23897",South Yolandaside,KS,85584,Iceland,2021-08-23
C0070,Michael Garrison MD,christopherjenkins@gmail.com,+1-794-434-7578,"93678 Jones Street Suite 087, Stevenmouth, IN 44510",Brownburgh,IN,64161,Netherlands Antilles,2022-10-23
C0071,Olivia Rogers,gregorydixon@wiley.info,(073)836-9083x84517,"1886 Hill Brooks Suite 166, Adamshire, NV 20879",Lake Timothy,IA,21609,Nauru,2022-11-14
C0072,Natasha Munoz,mjohnson@hughes-garrison.info,001-957-236-7174x334,"67774 Ford Run, West Joseph, MD 82744",East Christopher,OR,88147,Monaco,2021-10-08
C0073,Jennifer Stevens,glen99@murphy-johnson.com,001-139-299-0653,"4362 Hutchinson Ports Suite 447, Melissamouth, TN 73459",Jessicaton,NC,94152,Angola,2020-10-08
C0074,Christopher White,petersonpamela@hotmail.com,001-416-223-2548x711,"730 Lisa Dam, Joelport, UT 60923",Port Shaun,CT,47800,Nepal,2022-08-13
C0075,Faith Dillon,nhoover@lopez-cantu.com,283.618.1220x80292,"352 Rodriguez Flat Apt. 267, Rebeccaland, NE 51015",Scottbury,ME,03855,Niger,2021-11-07
C0076,Lauren Hogan,williewatson@hotmail.com,906-967-1821x884,"1637 Ryan Pine Apt. 735, West Meaganshire, IL 12667",Mcgrathmouth,OK,91028,Chile,2023-09-23
C0077,Carolyn Larson,rodriguezryan@yahoo.com,738.614.2871,"9883 Hill Freeway, Stephaniefurt, NJ 50747",Lake Brittany,MO,49560,Georgia,2021-09-08
C0078,Laura Gregory,amyleonard@bridges.info,584-548-7253x6491,"270 Ernest Well Suite 832, New Christopher, NE 97023",Deleonmouth,SD,90043,Bangladesh,2020-11-12
C0079,Katelyn Myers,emilyjackson@yahoo.com,(851)567-7453x7754,"636 Baker Track Apt. 447, West Courtneyshire, MS 74618",South Robert,CT,56422,Saint Martin,2020-05-14
C0080,Rebecca Larsen,rmorris@shepherd-williams.biz,134.943.7606x57675,"61886 Campbell Oval, Coxport, PA 12603",Lake Matthewbury,AZ,64725,Maldives,2020-04-09
C0081,Jennifer Bradford,candice92@hotmail.com,936.940.4605,"43013 Tina Roads Apt. 181, Sarahbury, NM 16002",Lake Natalie,UT,17202,Armenia,2020-05-21
C0082,Christopher Hall,fosterdominique@gmail.com,001-896-372-9880x5233,"79411 Colleen Plaza Apt. 364, Warrenport, WY 68606",Millsport,IA,74137,Belarus,2020-10-14
C0083,Leslie Valentine,wsimpson@olson-jenkins.com,1632356044,"213 Hardin Way, Mercershire, ID 33511",Lake Ronald,PA,09853,Uganda,2020-03-06
C0084,Nancy Oliver,jerrysmith@evans-doyle.com,785-814-4671x46788,"04904 Angela Hollow, Tonibury, WY 90804",Monicaton,OH,28685,Angola,2021-09-26
C0085,Alex Schmidt,duncanmelanie@miller-pittman.biz,5988274909,"58313 Gardner Plains, Brettborough, ME 24950",Johnsonhaven,ME,61509,Jersey,2023-03-30
C0086,Michelle Thompson,orichards@edwards.com,412.939.1945x70453,"9419 Chase Port Apt. 654, North Nicholebury, PA 60828",South Johnburgh,LA,95334,Algeria,2021-04-20
C0087,Karen Page,mphillips@yahoo.com,913-840-2374,"135 Tara Rue Suite 089, North Daniel, NJ 32238",Lake Holly,PA,27775,Singapore,2021-04-10
C0088,Andrew Lowery,david14@velasquez.com,001-710-352-2059,"461 Andrew Shoals Apt. 397, Lake Maria, CO 88958",South Dustinland,WV,27822,Brazil,2022-07-16
C0089,Richard Andrade,clarkcasey@lewis.biz,(359)487-0252x170,"6048 Hunter Harbor, Hartmanport, HI 20148",Amyside,MO,29564,Anguilla,2022-10-18
C0090,Veronica Burch,destinylewis@boyle.com,574.820.6376x60005,"9064 Clark Roads Apt. 379, East Davidberg, SD 82368",West Justin,MA,90483,Madagascar,2024-10-31
C0091,Mark Walker,jenniferwilliams@reed-farrell.net,387-496-0993x600,"1719 Rhodes Groves Apt. 194, Gregoryville, WY 22119",North Steven,UT,93203,Saint Helena,2022-01-21
C0092,Justin Santiago,elopez@simpson.com,854-619-6826x21805,"Unit 8157 Box 3658, DPO AE 29031",North Ronald,IN,49198,Bermuda,2024-04-06
C0093,Jesus Duncan,ochoakathryn@hotmail.com,+1-003-792-8846x98356,"353 Misty Spur, Richardsonton, WV 77901",North Kristi,RI,18017,Brazil,2020-06-23
C0094,Brian Evans,gwright@gmail.com,8232891138,"519 Forbes Fort, Port Maxwell, WA 15389",Stronghaven,WY,79533,New Caledonia,2021-10-14
C0095,Alexander Rodriguez,hartmanryan@hotmail.com,+1-000-574-6722x322,"0929 Michele Street, East Don, KY 93392",Nelsontown,MA,12738,Chile,2020-03-25
C0096,Michaela Scott,carlos71@miller-vaughn.com,084.472.7505x6524,"4778 Mendoza Track, Marthafurt, OK 37454",Cohenmouth,TN,27944,Myanmar,2021-04-05
C0097,Joshua Stark,vhickman@mccann-vasquez.com,+1-852-886-2414x9201,"8552 Hammond Trafficway, Tracyberg, DC 38980",Houseshire,MD,49835,Lithuania,2020-01-30
C0098,Rebekah Powell,williamford@ruiz.com,001-310-956-2881x76229,"5374 Bryan Corner Apt. 729, Brendachester, MI 04984",Johnsonstad,MN,58271,China,2021-09-13
C0099,Patrick Booker,craigvillegas@miller.net,+1-240-864-8766x704,"154 Cervantes Junctions Apt. 457, Suzannebury, VA 24886",New Ashley,SC,04155,Norfolk Island,2022-08-15
C0100,Victor Pace,stricklandgary@shah.com,(138)502-6475x072,"804 Michael Crest, West Julia, CA 98938",Chandlerborough,NM,23781,Uzbekistan,2023-07-17
C0101,Andrew Mclaughlin,wumonica@hotmail.com,(951)961-1208,"8891 Brown Ville Apt. 116, South Patricia, IA 37685",East Jennifer,AZ,79638,Senegal,2024-11-08
C0102,Jason Williams,leecody@marsh.com,398-910-0407x559,"2984 James Avenue, South Alyssa, NE 13404",North Drew,WI,27712,Marshall Islands,2024-01-29
C0103,Amanda Robinson,annaoliver@yahoo.com,(515)800-8124x6292,"99092 Brittany Way Suite 898, South Jacquelineshire, TX 45834",Krystalville,NC,44592,Gabon,2020-11-06
C0104,Justin Young,dominicmorrison@yahoo.com,380.692.4184x668,"8858 Debra Ford, Stevenburgh, CO 08270",South Lisafort,MO,54538,Suriname,2023-12-04
C0105,Timothy Anderson,michael34@gmail.com,277-138-0219x7961,"173 Elizabeth Landing Suite 457, Kennedyfort, CA 26870",South Steveton,VA,72284,Peru,2022-08-27
C0106,Elizabeth Saunders,johnsonjacqueline@stewart.com,001-574-650-3094x48543,"12192 Timothy Shoals Apt. 460, Andreview, NH 91306",Christinestad,MT,26668,Marshall Islands,2022-07-22
C0107,Caleb Roy,amberfrazier@ho.net,001-342-924-6312,"5325 Terry Parkway Apt. 095, Erinfort, MO 92757",West Jonathon,NJ,82704,Italy,2022-11-13
C0108,Monica Fischer,carla84@miller.com,(302)621-7690,"64630 Joanna Isle, Port Christopher, IL 70206",Angelatown,IN,15044,Saint Kitts and Nevis,2023-06-17
C0109,Kelly Moore,brownstephen@yahoo.com,+1-340-676-1640x64496,"7286 Hoover Avenue Apt. 821, Kellymouth, OR 65719",South Tamara,IA,48163,Papua New Guinea,2022-11-20
C0110,Tony Downs,natalieyang@herrera-manning.com,499-807-3816,"74888 Garcia Views Suite 558, Hernandezmouth, DE 48714",Matthewport,OK,87615,Antarctica (the territory South of 60 deg S),2020-02-01
C0111,Sherry Lee,brandon73@howard.com,(614)120-7634x813,"9326 Jesse Unions Apt. 692, Fosterburgh, OK 50865",East Jeremiah,VT,60506,Turks and Caicos Islands,2024-02-11
C0112,Jesse Watson,ericparrish@williams.com,001-473-903-3590x8992,"47243 Jefferson Rue Apt. 777, East Tammyburgh, GA 19340",Garyburgh,CO,01387,Kiribati,2024-03-25
C0113,Melody Peterson,lclayton@hodge-cunningham.com,001-108-244-5814,"405 Norris Plains, New Christopher, NM 01391",Seanton,NE,58468,Qatar,2023-05-19
C0114,Willie Brock,david27@gmail.com,+1-986-697-8236x818,"2040 Beth Freeway Apt. 241, North Bobby, SC 78740",East Amber,MA,43537,Ghana,2021-11-02
C0115,Susan Gonzales,travischristensen@smith.com,+1-758-818-1824x58691,"PSC 6951, Box 6944, APO AA 35194",Port Craig,VT,86379,Latvia,2020-11-17
C0116,Patricia Cruz,sawyeranthony@vasquez.com,257.439.9167x09983,"957 Michael Station Suite 210, New Christineshire, CT 56178",East Breanna,IL,06266,Hungary,2020-07-17
C0117,Cody Prince,edwin58@hotmail.com,(084)851-5395x06317,"506 Jason Mount, West Anthonyton, RI 19642",Lake Kelsey,TX,87151,Ireland,2022-06-27
C0118,Michael Young,jessesanchez@richardson.com,001-934-958-8333x86539,"41609 Gina Hills, South Rachel, OK 94209",North Zachary,NH,24040,Korea,2022-02-26
C0119,Kristen Robinson,isandoval@gmail.com,716-775-6311,"12921 Bryan Stream, Lake Samuel, LA 11863",South Ritachester,NH,72626,Ireland,2024-03-27
C0120,Teresa Harrison,sthompson@smith.com,080-686-0445,"105 Patton Path Suite 033, Bellchester, KS 43676",Lake Jonathan,NH,45131,Andorra,2023-06-16
C0121,Matthew Murray,dawnperry@hotmail.com,(788)196-5005x6419,"94119 Mary Drives Apt. 594, Lake Oliviamouth, NV 64403",North Cynthiaborough,ME,94226,Saint Pierre and Miquelon,2022-08-22
C0122,Charles Fry,benjaminhernandez@schaefer-bennett.com,+1-559-611-7858,"7863 Rodriguez Unions Apt. 018, Davidfort, VA 67900",Kristyview,PA,55537,Angola,2021-07-21
C0123,Edward Hernandez,marshalljason@harrison.org,+1-806-046-7746x9109,"8943 Fisher Lodge Apt. 754, Lake Adriennestad, ME 95165",Danielstown,HI,64444,Holy See (Vatican City State),2021-04-18
C0124,Nicole Turner,timothyhoward@robbins.net,+1-178-999-9584x55205,"7463 Taylor Cape, Ballardville, IN 77974",East Lisachester,AZ,78806,Afghanistan,2023-10-03
C0125,Kelly Carter,robert18@collins.com,9076437612,"7858 Edward Walks Suite 846, North Justinberg, GA 91753",Rothland,AK,36938,Grenada,2024-09-03
C0126,Tiffany Banks,leshelly@smith.com,001-942-198-1911,"PSC 8944, Box 0542, APO AA 29337",East Tinaland,NM,88455,Antarctica (the territory South of 60 deg S),2022-08-11
C0127,Ms. Angela Mayer,hopkinssara@gmail.com,001-783-255-4873x807,"079 Christopher Vista Suite 586, Port Ronaldland, AL 56769",Costaton,OK,52581,Albania,2022-04-30
C0128,Stephanie Brown,bradleythomas@gmail.com,001-479-297-7860x120,"158 Katherine Corners, West Traviston, WV 07553",Lake Kaitlyn,NJ,81038,Ukraine,2022-06-07
C0129,Ashley Smith,cbeck@hotmail.com,651.191.6211x01670,"010 Reese Ville, Barkerberg, DC 52588",West David,KS,33824,Mauritania,2024-01-26
C0130,Rachel Miller,joseph27@rogers.net,584-663-6004,"PSC 1740, Box 0819, APO AA 94509",Travishaven,OH,70293,Dominican Republic,2023-07-07
C0131,Jesse Evans,kimberly57@hotmail.com,001-698-914-7141x0006,"472 Paul Forge, North Jenniferstad, KS 90296",New Cherylland,OH,53448,Philippines,2024-04-19
C0132,Jennifer Hill,laurie36@hale.com,575-529-5442x1612,"2006 Lee Keys, West Jasonmouth, MA 75568",Knighthaven,ND,84292,Kyrgyz Republic,2023-05-07
C0133,Michelle Schmidt,lpeters@hotmail.com,572.921.9986x934,"207 Mariah Plaza, Debraland, NV 98912",West Mary,VT,63441,Zambia,2021-09-25
C0134,Miranda Harris,brandonrussell@garcia.net,2651037915,"PSC 8760, Box 8680, APO AE 41803",West Richard,LA,96800,New Caledonia,2023-10-14
C0135,Jessica Pitts,jacksonmcclure@cohen.org,584-592-3988x27308,"2682 Stewart Ways, North Jeffland, SC 42278",Johnsonview,NV,95709,Australia,2022-09-10
C0136,Samuel Brown,jlong@yahoo.com,+1-841-479-5653,"USNS Turner, FPO AE 52378",North Robert,WY,88861,Senegal,2021-12-19
C0137,Ryan Mendoza,wdiaz@gmail.com,+1-105-349-2818x4751,"597 Palmer Stravenue, Port Jonathan, MD 09915",North Williamview,NC,76954,Kyrgyz Republic,2022-05-15
C0138,William Armstrong,andersonnancy@gmail.com,001-965-159-2447,"02782 Juan Glen, Port Kathyborough, AL 15556",Hayesstad,RI,52206,Antarctica (the territory South of 60 deg S),2020-05-20
C0139,Colleen Ayala,vwalker@hernandez-love.com,(981)763-5455x7434,"7258 Smith Green Suite 963, Smithhaven, GA 90723",Greeneview,OH,26843,El Salvador,2023-03-08
C0140,Michael Hill,kathleen48@quinn.info,611-261-3355,"481 Eric Tunnel Suite 767, Kimberlyside, SD 05656",Allisonberg,IN,62238,Mali,2023-08-15
C0141,Penny Chavez,msmith@martin-sullivan.org,731.822.7610x343,"5216 Nathan Route, Candiceborough, RI 63363",West Philipchester,MS,04340,Guinea-Bissau,2024-03-20
C0142,Jessica Flores,tmays@rowe.com,578.185.7954x2982,"75791 Eric Trace Apt. 432, North Amberborough, KY 02058",Adkinschester,ME,17109,Cote d'Ivoire,2021-09-19
C0143,Sherry Jordan,meadowswilliam@yahoo.com,661-959-6295,"2818 Archer Ports, Finleyport, NV 27630",Smithton,TN,12805,Malawi,2023-12-13
C0144,James Parker,tayloredward@smith.org,001-258-116-2378x95158,"USNV Bailey, FPO AA 05979",Lawrencechester,NY,34645,Liechtenstein,2022-06-01
C0145,Heather Jenkins DDS,michael34@yahoo.com,001-853-905-3223x28008,"5917 Arnold Mountains, Susanville, OR 70863",North Angela,NE,55428,Tajikistan,2021-04-20
C0146,Richard Hunter,johnsontyrone@yahoo.com,207.248.7900x8485,"6839 Horn Roads, West Karen, AL 71222",Scottfurt,SD,60852,Kazakhstan,2024-11-02
C0147,Kathleen Castro,jennifer61@hotmail.com,001-517-730-9799,"814 Cole Street Suite 842, East Rebeccaport, AK 74508",Simmonsfort,KS,16902,Tunisia,2024-07-19
C0148,Jose Brock,xburton@rodriguez.com,+1-692-079-6582x444,"703 Riddle Stravenue Apt. 750, Reidside, NC 76340",North Kathyshire,NY,43724,Slovenia,2023-03-08
C0149,Hannah York,anthony49@copeland-meyer.biz,7400474467,"57886 Matthew Track Suite 235, West Melissa, WV 66406",South Robert,TX,94853,Norfolk Island,2020-10-28
C0150,Brent Murphy,alopez@yahoo.com,898-163-3727x175,"901 Martin Turnpike, Danielville, WA 54844",West Julie,MT,63118,Mexico,2022-08-12
C0151,Neil Lopez,kbrooks@hawkins-fields.com,285.059.3668,"5977 Keith Spur Apt. 700, Michaelmouth, GA 75519",West Daniel,SD,82007,Tonga,2021-07-23
C0152,Jacob Walsh,mmorales@yahoo.com,964.893.8137,"013 Lisa Mountain Apt. 713, Port Kathleenbury, MI 73884",Lake Justin,AR,30108,Liberia,2020-03-17
C0153,John Diaz,zrandolph@hotmail.com,143.045.0577,"9586 Stacey Ville, New Patrick, ME 06974",Butlerbury,NM,07791,Guernsey,2024-11-26
C0154,Alexis Palmer,palmerjesus@bartlett.net,035-743-7188x3188,"54626 Stacy Turnpike, New Lisa, MD 92416",West Dakotatown,MT,12661,Reunion,2021-01-10
C0155,Ryan Kim,laurensanchez@gmail.com,(873)139-1899,"439 Garza Corners Suite 463, Holmesfort, WV 08888",New Johnville,NJ,36037,Taiwan,2020-08-22
C0156,Michael Bond,nflores@bentley-garcia.com,570-792-0064,"Unit 3850 Box 8050, DPO AA 35677",North Lisachester,ID,18507,Mali,2024-11-16
C0157,Debra Perez,tnelson@gonzales.net,001-869-249-2682x6064,"096 Samuel Trail, Jessicamouth, OH 10940",Blackberg,VA,80837,Nauru,2022-02-14
C0158,Shane Johnson,valerie53@farley-clark.com,081.622.4238x7116,"12516 Sabrina Shore, New Kaylaberg, CO 25145",West Brittanyview,WA,58556,Macedonia,2020-06-28
C0159,Lori Miller,vmorton@collier.com,713-943-2986,"USNS Barry, FPO AA 06258",North Cindyborough,IN,01567,Western Sahara,2022-10-16
C0160,Angela Johnson,johnsonwilliam@white-wilson.com,+1-242-192-2429x4404,"50421 Jessica Shores Suite 798, Careychester, ID 04515",East Meganhaven,NY,75398,Christmas Island,2020-07-06
C0161,Elizabeth Mueller,zsmith@martinez.com,(615)631-9590x992,"6840 Leonard Ways Apt. 710, South Kevinmouth, RI 23014",Warrenport,NC,32263,Germany,2020-05-22
C0162,Seth Jones,riveraheather@gmail.com,+1-109-514-7520x20842,"645 Chris Overpass, Lake Maria, NH 62478",Jasonton,CA,54607,Malta,2022-03-16
C0163,Brenda Jones,ppatel@medina-walker.com,+1-411-660-1276,"48791 Delgado Route, Smithport, MD 94107",Heidiland,HI,84121,Kyrgyz Republic,2024-01-30
C0164,Joseph Mcclain,tim11@yahoo.com,500.691.0844,"34004 Scott Mews Suite 584, Schaeferburgh, SC 03470",Johnland,WA,24611,Denmark,2022-11-06
C0165,Jaime Roberts,nancyelliott@higgins.biz,501.725.2611,"23381 Amanda Junction, West Josephside, IN 95782",New Lindamouth,KS,34132,Turks and Caicos Islands,2021-02-19
C0166,Michelle Sanchez,uprice@hotmail.com,626.049.3832,"381 Jeanette Garden Apt. 490, Alexandertown, SC 35973",East Jessicaside,DE,50323,Luxembourg,2021-09-29
C0167,Krista Williams,jacksoncourtney@gmail.com,412.892.6334,"3755 Jessica Tunnel Apt. 553, Sandraberg, IA 33036",North Richard,OH,66922,Cameroon,2020-11-22
C0168,Lisa Cline,davidelliott@gmail.com,+1-911-624-9186x5290,"6747 Marshall Street, Medinafort, MN 80099",Collinschester,DC,18233,Congo,2021-07-16
C0169,Amy Adams,youngkatherine@gmail.com,364.017.6749x98429,"61860 Miller Bypass Apt. 262, Port Carlville, UT 81751",Lake Jessica,DE,45328,Faroe Islands,2022-08-01
C0170,Douglas Kim,dnguyen@gmail.com,315-763-7107x99057,"9642 Woods Mill, Lake Angela, WI 92226",East Brianhaven,IN,57392,Dominica,2021-01-25
C0171,Patricia Brown,williamrodriguez@gmail.com,+1-261-967-7329x225,"7226 Johnson Grove, Amyberg, NM 65676",Jamesville,GA,91493,Mauritania,2020-09-06
C0172,John Lee,james07@yahoo.com,(511)062-0107,"1281 Michael Row Apt. 835, Richardsside, DC 64221",Davidside,WI,16591,Micronesia,2024-05-07
C0173,Cheryl Mckee,ashley99@hotmail.com,+1-793-068-6459,"13515 Lucas Squares Apt. 291, Woodchester, OH 07853",Greentown,MT,35762,Anguilla,2021-03-27
C0174,Steven Sandoval,smoore@gmail.com,693-023-0618x48560,"40489 Powell Stravenue, South Jeffrey, SD 33233",Danielleton,MO,35407,Comoros,2024-11-11
C0175,Jesse Walker,carrscott@yahoo.com,+1-475-987-9089x385,"PSC 8125, Box 2462, APO AA 04162",North Eric,KY,44484,Azerbaijan,2021-08-28
C0176,Angela Weaver,evansmary@hotmail.com,559-555-2037x369,"578 White Landing Apt. 752, Janebury, RI 63607",West Brian,WY,35436,Svalbard & Jan Mayen Islands,2021-08-11
C0177,Joseph Mckee,willie91@smith.info,(230)016-2955,"37084 Schmidt Stream, Lake Sheila, KY 42694",Richardsonchester,WA,35197,Oman,2020-08-16
C0178,Jesse Johnson,matthewsullivan@yahoo.com,993.651.7830,"697 Timothy Points, South Shanefort, NC 71843",Lake Juliechester,OK,99801,Andorra,2024-01-17
C0179,Mary Velez,gwilliams@jackson-eaton.com,111.115.4449x0813,"3536 Morse Island, North Monicashire, MS 36001",Andrewfort,IA,16740,Mongolia,2024-04-13
C0180,Sheila Johnston,phillipleon@gmail.com,001-590-305-0021,"77902 Danielle Mission Apt. 087, Jenkinsburgh, GA 07231",Markview,MA,10897,Hungary,2023-05-24
C0181,Johnny Phillips,sduncan@yahoo.com,642.347.0284x4686,"1097 Vicki Isle, Jessicahaven, SC 80983",Madisonborough,ME,85446,Montserrat,2020-05-22
C0182,Tyler Hebert,markpayne@yahoo.com,(703)257-5012x905,"294 Matthew Lodge, Sabrinaborough, AL 27136",New Joseph,AL,82409,Russian Federation,2024-06-18
C0183,Beth Peterson,ivargas@black.biz,073.963.5232x2913,"76458 Dorothy Parks Apt. 636, East Alexandria, TN 21214",Lynnshire,IN,92021,Paraguay,2024-09-24
C0184,Heather Tyler,shannon27@figueroa-mathews.com,746.224.6910,"4017 Samantha Courts, Miguelstad, TX 68767",Harrisonborough,TX,62257,British Virgin Islands,2022-09-05
C0185,William Galloway,murphykathy@matthews.com,132.625.7183,"86229 Isabel Forks Suite 422, Ericton, TN 49621",Pottermouth,AZ,67603,Reunion,2020-09-07
C0186,Robin Hawkins,ggonzales@velez.com,019-737-3941,"259 Ayala Springs Suite 663, Hamiltonbury, NH 28431",New Jay,MD,52501,France,2020-11-16
C0187,Lauren Ramos,doris05@gmail.com,001-566-086-1682x518,"341 Lacey Valley, West Jameshaven, OH 16914",Racheltown,NH,90564,Tokelau,2024-06-16
C0188,Stephanie Clark,lauradickson@hotmail.com,889-501-0826x299,"84767 Harris Port, Hortonland, OR 70014",Lake Marioview,WI,64193,Iran,2023-12-17
C0189,Joshua Forbes,xlandry@hodge.info,298-751-1141x26707,"6903 James Canyon, East Timothy, CO 94650",Port Tammyburgh,MT,27143,Pitcairn Islands,2024-11-16
C0190,Keith Williams,jill97@hotmail.com,861.112.0291x642,"88720 Patton Camp Apt. 725, Howardmouth, NY 49112",Brookemouth,OK,78382,Nicaragua,2023-09-25
C0191,Michael Navarro,alison58@yahoo.com,974.563.4886,"0224 Nguyen Drive, Port Michaelburgh, KY 40044",Keithshire,AL,82208,Benin,2021-11-29
C0192,William Garcia DDS,elizabethcarter@thompson.org,001-482-251-0066x608,"1078 Juan Islands Suite 472, Andrewburgh, AR 66003",Rossburgh,MT,08089,Egypt,2024-06-08
C0193,Linda Kelly,berryian@gmail.com,166.161.4069x80285,"048 Lisa Mission, New Amy, UT 17482",New April,NM,86709,Syrian Arab Republic,2020-10-23
C0194,Adam Wood,contreraslaura@hotmail.com,(048)854-9432x4072,"3332 Gina Ferry, Benjaminmouth, NY 03355",East Justin,SD,21144,Mali,2022-09-22
C0195,Willie Thompson,james12@nelson.info,7687546899,"00499 Stephanie Bridge Apt. 049, New Jessicaland, OK 15407",New Zacharychester,HI,68314,Anguilla,2024-01-13
C0196,Kaitlin Riley,timothy81@hotmail.com,(975)646-1834,"744 Hall Pass, Markbury, CA 56482",Petermouth,RI,07467,Cameroon,2020-01-30
C0197,Robert Castro,johnnyadams@hotmail.com,(881)587-6656x177,"67275 Chan Bypass Suite 190, Dylanton, WY 96787",Lunaborough,VA,80919,Uzbekistan,2021-07-15
C0198,Cindy Miller,michaelcooper@pitts.com,204.197.9363x66045,"6105 Morgan Loop Apt. 048, West Monica, GA 08311",Port Tyler,IA,54813,Antigua and Barbuda,2021-07-31
C0199,Nancy Henry,susan86@rivers.com,761.758.9822x831,"4179 Gina Camp, Vegaside, ID 28131",Youngside,MI,37656,Tuvalu,2023-05-13
C0200,Melanie Adams,patricia54@ward-diaz.com,(391)745-6960x0608,"170 Hall Tunnel Apt. 677, North Kimberlyland, DC 08443",North Ashley,NE,98120,Pakistan,2020-11-30
C0201,Lisa Rodriguez,heather25@hotmail.com,001-443-669-3485x9797,"939 Brown Squares, Andersenburgh, WV 52470",Jonesfurt,MA,14077,El Salvador,2020-08-01
C0202,Jose Avila,brandtchristopher@montgomery.biz,001-074-111-8654,"894 Kelly Station, New Thomasfort, LA 52039",Lake Jasonstad,ID,86873,Ireland,2021-06-19
C0203,Rodney Moran,sabrinawhite@sutton.info,112.834.7907x1941,"194 Steven Island, South Belinda, IA 04345",Jessicaberg,SD,54931,Greenland,2022-05-28
C0204,Kaitlyn Williams,michellebutler@ramirez-perez.info,(813)608-0661,"PSC 2195, Box 8590, APO AE 99798",Charlesshire,IA,57346,Zimbabwe,2023-04-27
C0205,Kathryn Hatfield,jessicaboyer@hotmail.com,(130)576-5399x8882,"82914 Brandon Pass Apt. 837, East Stephanietown, AR 25288",Justinview,LA,62483,Lithuania,2024-07-14
C0206,Desiree Reed,vsalazar@gmail.com,+1-656-704-0727x85018,"25136 Schmitt Burg Apt. 524, West Catherineview, DC 08187",Johnsonborough,WI,74884,Equatorial Guinea,2021-11-12
C0207,Kenneth Soto,leoncrystal@fox-jefferson.com,082-269-9137x54999,"USS Lara, FPO AA 84172",Garyhaven,CT,54585,Hong Kong,2021-01-18
C0208,Tara Bowman,haneymiguel@yahoo.com,001-014-227-4603x966,"16430 Sanchez Wall Apt. 741, Bondchester, ID 69538",North Benjaminville,NV,22844,Cyprus,2020-11-23
C0209,Hector Martinez,dbender@jordan.com,+1-585-753-6125x6678,"985 Joseph Rapid, Port Tracie, NV 02695",South Elizabethchester,AK,44906,Sudan,2021-03-23
C0210,Andrew Rhodes,dustin85@chan.net,527-615-2554,"350 Kyle Motorway Apt. 489, Port Eddie, NC 12466",Dennisview,DC,27459,Croatia,2023-12-07
C0211,Tom Burke,delgadojose@joseph-williams.com,001-366-647-3888x38224,"289 Welch Isle, Saraton, IL 38133",North Debbieberg,FL,67259,Faroe Islands,2021-06-19
C0212,Katherine Jenkins,crystal59@ho.biz,1307364366,"73324 Park Mission, Ibarraview, OK 40993",East Cory,NV,55752,Kenya,2020-08-24
C0213,Joshua Elliott,smithwilliam@miller.com,5707775391,"6625 Barker Hill Suite 097, East Tiffanyview, AR 54374",East Michellebury,FL,63842,South Africa,2023-03-19
C0214,Kristi Norton,ryan28@yahoo.com,+1-709-151-2853x18996,"234 Donald Creek, Laurachester, OR 81275",Samanthafurt,FL,92792,Guam,2021-07-01
C0215,Jacob Ray,warren58@nguyen.info,2864154805,"7533 Samuel Isle Suite 092, New Camerontown, NV 67583",Port Anne,NH,58686,Monaco,2023-07-20
C0216,Scott French,david40@porter.org,845-868-2350x30627,"43848 Singh Rapid Suite 025, Ericahaven, NM 37618",Justinfort,MS,78126,Latvia,2021-12-05
C0217,Donald Delacruz,mendezsarah@jackson-brooks.org,067.743.2302,"537 Victor Crossing Apt. 595, Garcialand, KY 31773",Robertsonside,IL,79017,Algeria,2020-02-15
C0218,Allen Allen,moralesjulie@yahoo.com,960.883.6097x58136,"052 Graham Orchard Suite 576, New Jacobshire, NY 13305",Staceyland,NE,38817,New Zealand,2023-02-17
C0219,Joshua Morris,john04@hamilton.com,001-355-184-4998x21637,"09914 Fisher Trail Apt. 417, New Kevin, SD 35429",East Jose,RI,15712,Tonga,2020-01-14
C0220,Jeremy Perez,ryanmorrow@hotmail.com,001-367-071-4995x05146,"9845 Leah Mills, Bartonbury, AL 85437",Hernandezshire,AZ,59881,Thailand,2021-12-30
C0221,Susan Thompson,garzalinda@hotmail.com,426.659.3037x0997,"416 Bowman Shores, Aguilarland, OR 55997",New Jerryport,FL,72812,Turkmenistan,2021-09-01
C0222,Carol Elliott,james96@walker-zamora.com,198-118-7016,"96096 Chad Spring Suite 074, Bryanfort, MN 45886",North Danielside,IN,51326,Kenya,2022-07-04
C0223,Hannah Ayala,lindsey09@gmail.com,197-458-1669x485,"1309 Reeves Wall, New Micheleville, WI 21350",North Angelahaven,DE,12451,Czech Republic,2021-02-27
C0224,Linda Rodriguez,zpineda@gmail.com,098-196-8766x195,"711 Heather Neck, West Austinside, MN 22826",East David,IL,98933,Christmas Island,2024-09-20
C0225,Holly Shaffer,alvarezdiana@gmail.com,166-035-3843x206,"677 Darrell Gateway Suite 852, Wagnerview, FL 75223",Mitchellstad,KS,36986,Kiribati,2024-06-26
C0226,Wesley Wilson,millerjeffery@walker.com,001-722-021-9945,"459 Smith Harbors, West Courtneyberg, NC 19383",Jenkinsland,KS,82563,Armenia,2022-10-10
C0227,Dale Ellis,eorr@gmail.com,001-537-958-2218x067,"3027 Reynolds Station, Morrisonville, WY 10082",West Charlesport,MI,44791,Niue,2021-05-24
C0228,Terri Davis,jgriffin@phillips.net,878.140.4554x58287,"129 Crawford Viaduct Apt. 556, Joshuachester, ND 35174",Port Patrick,MN,49380,Austria,2021-10-18
C0229,Amber Barnes,jonesmatthew@yahoo.com,(171)899-1013,"809 Vargas Common Apt. 953, Floresland, TX 97261",East Debbie,ME,51479,Namibia,2021-08-02
C0230,Christopher Edwards,davidwillis@yahoo.com,380.903.6718,"068 Christopher Square, North Ronald, TN 92495",Jeffberg,UT,79502,Qatar,2023-12-08
C0231,Jeffrey Decker,jennifer41@wells.com,589-794-6657,"0991 Cindy Canyon, Hernandezview, SD 97730",New Kristyview,PA,24851,Congo,2020-10-03
C0232,Paul Nichols,jessica35@hodge.com,3256530696,"3524 Klein Expressway, Keithbury, OK 09806",Wilsonstad,DE,31265,Togo,2020-04-05
C0233,Kevin Smith,matthewhernandez@taylor.com,(318)208-3861,"PSC 7109, Box 6339, APO AP 26252",Port William,MO,26588,New Zealand,2019-12-06
C0234,Eric Peterson,sean78@hotmail.com,811-221-9330x0478,"5987 Emily Forks, Marymouth, VT 48845",Ashleymouth,MS,54982,Georgia,2022-06-08
C0235,Laura Vasquez,brandon23@hotmail.com,325.631.6649x8896,"634 Hopkins Radial Apt. 504, East Kari, MS 54258",Christinaport,WY,29025,Georgia,2023-01-28
C0236,Michael Munoz,david01@gmail.com,(405)058-5778,"36769 Miller Road Apt. 101, Sandyport, AK 66672",West Jamieburgh,VT,80671,Costa Rica,2022-06-15
C0237,Sharon Wilson DDS,jilliancollins@white.com,335.543.5067x417,"94807 Goodman Divide Apt. 199, Wrighthaven, ID 60306",Welchborough,SD,71158,Slovenia,2024-01-27
C0238,Jasmine Bowman,santosshawn@gmail.com,(160)407-5580x2165,"PSC 7448, Box 1093, APO AP 19325",North Crystal,IL,80050,Swaziland,2024-11-28
C0239,Mr. Adam Cox,francischristina@hotmail.com,(862)049-6092x5425,"7694 Kevin Green Apt. 796, Christophertown, KY 44914",West Michelle,MI,59647,Northern Mariana Islands,2024-04-30
C0240,Blake Black,xfriedman@frank.com,4656450216,"512 Carrie Plains, South Jeffrey, IL 37243",Christopherview,IL,94855,Ecuador,2020-02-02
C0241,Elizabeth Martinez,ijohnson@hotmail.com,939-950-3507,"95135 Brown Turnpike, Jenniferton, SC 34131",Maryland,CA,62469,Barbados,2023-02-04
C0242,Michael Ross,brewerjeffrey@mitchell.biz,506-843-7271,"4287 Jacob Lodge Suite 426, New Vickie, VA 21762",New Lisa,NJ,75959,Guernsey,2021-01-26
C0243,Mitchell Pittman,thompsonrachel@fields-butler.com,(156)867-4170,"788 Schmidt Keys Suite 777, West Samuel, OK 51218",New Wayne,WI,84976,Peru,2024-02-03
C0244,Christopher Ward,tiffanypadilla@jacobs-freeman.com,1822773039,"22523 Robert Divide Apt. 291, West Emily, NM 13944",North Courtneyland,SD,58919,British Virgin Islands,2023-03-27
C0245,Bradley Moore,josephrivers@flores.biz,1430921470,"PSC 3090, Box 4770, APO AE 46781",Coryville,MI,65048,Moldova,2022-09-26
C0246,Brenda Dixon,skinnerjake@gmail.com,108.274.3920,"2288 Jose Coves, New Shirleyburgh, DC 98689",Wongville,LA,75656,Faroe Islands,2023-07-20
C0247,Matthew Flores,hstone@sherman.com,952.470.8475,"1520 Ramsey Lakes Suite 164, Jenniferberg, ND 73040",Lake Steven,MA,35687,Vietnam,2021-05-11
C0248,Anthony Freeman,michael07@adkins.com,2990194315,"192 Roberto Spurs Apt. 533, Bradyland, RI 60619",Wellsshire,FL,08030,Nauru,2024-11-19
C0249,Amanda Vaughn,ericporter@hotmail.com,(972)263-8069x48552,"7748 Mendoza Village Suite 206, Donnaburgh, LA 52655",East Tiffanytown,KY,54324,Hong Kong,2020-06-17
C0250,Elizabeth Campbell,carolmalone@hotmail.com,+1-248-701-2629x458,"8990 Jacobs Burgs Suite 439, East Emily, WV 10369",Eileenside,TX,97372,Albania,2022-12-27
C0251,Melissa Glenn,vasquezdavid@hotmail.com,+1-116-776-9730x1363,"06062 William Key Apt. 455, North Leahborough, WA 24556",Lake Michael,GA,87358,Vanuatu,2024-01-07
C0252,David Rowe,robertwiley@howard.biz,4429816374,"USS Fernandez, FPO AA 22269",North Kimberlyborough,WY,55562,Norfolk Island,2022-10-15
C0253,Jessica Wiley,fbrock@yahoo.com,001-985-755-8137,"02349 Austin River, Lake Anna, IN 40717",Benjaminmouth,NH,87932,Indonesia,2024-11-02
C0254,Jamie Stone,crystal73@hotmail.com,001-304-718-5498x97849,"247 Joseph Cliff Suite 551, Daisyview, PA 18942",South Gloria,CA,76093,Benin,2022-06-24
C0255,Sandra Vargas,maryhays@yahoo.com,996-152-2670x2484,"282 Meghan Ridges Apt. 851, Lake Jessica, KS 35876",West Paul,TX,37343,Nigeria,2020-03-09
C0256,Adam Salazar,kingsamantha@lee-vazquez.com,001-870-140-9849x2201,"3835 Benjamin Mission Apt. 058, Deniseberg, NV 71703",Timothyton,WA,98386,Latvia,2020-04-23
C0257,Andrea Vargas,cvalentine@brown.com,(924)902-5918,"8739 Richard Walks, Port Craigport, SD 63421",Brewerton,SC,02054,Trinidad and Tobago,2022-06-21
C0258,Justin Johnson,padillaanthony@jones.info,8024642946,"747 Clifford Cliff Apt. 863, South Ernestside, IN 22345",Amyhaven,TX,94090,Uganda,2020-12-25
C0259,Derek Perez,joecooper@hotmail.com,+1-446-118-6970x3375,"18853 Aaron Stravenue, Weberstad, TN 06304",Port Calebburgh,CO,65692,Namibia,2020-06-03
C0260,Samantha Jenkins,dawnwilson@gmail.com,+1-151-780-3700x38084,"70463 Alexander Cove Suite 878, Raymondshire, WV 66906",West Justintown,FL,51898,Angola,2020-04-19
C0261,Lori Bray,dvelazquez@brown-castillo.net,001-048-758-3790x00005,"62379 Trujillo Unions Suite 522, Port Ernesthaven, VT 00934",Lake Kaylaburgh,SD,83326,Guatemala,2022-08-23
C0262,Anna Holloway,newtonjamie@gmail.com,(270)073-9104x7489,"565 Amanda Lodge Suite 600, West Nathaniel, CO 05607",North Michael,NH,55252,Brunei Darussalam,2023-06-16
C0263,Michele Gonzalez,kingbrian@perry-short.com,457.708.0771x7039,"PSC 3220, Box 7084, APO AP 63409",Barneshaven,KY,11388,Iran,2020-05-02
C0264,Randy Kemp,williamsdonald@yahoo.com,(312)510-9634x274,"2361 Christopher Plains, Lindsayburgh, TX 51592",Matthewshire,WA,56556,Panama,2021-12-23
C0265,Vincent Davis,salazardesiree@gmail.com,862-107-4765x74016,"3341 Taylor Crossroad Apt. 720, New Amyland, UT 73106",West Danatown,MA,10471,Anguilla,2020-10-08
C0266,Brent Curtis,jamesharris@yahoo.com,957-151-3121,"258 Diana Prairie, Mezamouth, ND 21508",New Omarville,CA,62262,Saint Lucia,2022-01-05
C0267,Katie Gomez,johnsonphilip@yahoo.com,+1-877-849-9176,"4158 Michael Points, Karenmouth, FL 65241",South Timothyburgh,NY,55954,Svalbard & Jan Mayen Islands,2023-10-05
C0268,Edward Rodriguez,thomas93@lester-parrish.biz,001-428-239-4633,"77527 Caldwell Loop Apt. 257, East Dustinside, MN 59613",Acevedostad,CO,21230,Croatia,2023-12-15
C0269,Shawna Mcguire,wbowman@yahoo.com,372-061-5382x1200,"886 Wells Tunnel, Lake Shelleyfurt, WV 08717",Vanessashire,NC,30843,Somalia,2023-01-10
C0270,James Dennis,lramirez@gmail.com,226.716.9807x14701,"2333 Kimberly Loaf, South John, MS 20983",West Rileybury,NV,72614,Belarus,2022-11-10
C0271,Kelly Davidson,bblake@bell.com,+1-810-582-3146x5771,"8875 Solomon Mills Suite 138, Lake Elizabethchester, AZ 94762",Rebeccamouth,MO,22544,Macao,2022-09-28
C0272,Jeffrey Miller,christinelynch@gmail.com,9407679872,"Unit 9333 Box 7843, DPO AP 26071",Philipview,MI,12377,Macao,2023-01-10
C0273,Michael Fowler,anthonyflowers@dixon-watson.com,597.812.9025,"7188 Brown Mountain Suite 510, North Isaac, MN 86094",New Charles,AL,26164,Tonga,2020-03-04
C0274,Bradley Cox,katherinerussell@garner.org,001-597-530-1014,"59873 Armstrong Manor, Jennystad, LA 22321",Lorraineborough,NH,10455,Ireland,2022-12-11
C0275,Robert Fox,christensenmelissa@harrington.org,898.432.2122x8623,"3698 Wagner Expressway, West Heatherbury, SD 60660",Parkerstad,GA,75995,Malta,2024-08-08
C0276,Suzanne Fleming,keith26@gmail.com,+1-390-626-1104x014,"238 Kelly Crescent, Floreschester, OK 29550",North John,MN,11937,Chile,2022-11-16
C0277,Tammy Wilcox,reillykimberly@hotmail.com,(510)795-8262,"0800 Christopher Forks Suite 536, North Donaldhaven, NE 73847",Barbaraborough,WY,38798,Jordan,2022-03-18
C0278,Ian Cruz,alyssa50@yahoo.com,+1-482-435-0507x2933,"67585 Howell Manors, Patriciafurt, DE 41147",Bellmouth,OH,87633,Congo,2022-09-27
C0279,James Castro,dprice@gmail.com,+1-516-485-0823x39463,"2066 Jones Radial Apt. 794, West John, AZ 89056",Oliviafort,IA,76965,French Guiana,2021-08-26
C0280,Jennifer Mueller,brownnicole@paul.com,+1-614-872-1116,"0111 Charles Harbors, Cohenhaven, TN 57363",Kelleyton,HI,29215,Italy,2022-06-04
C0281,William Coleman,andrewharris@yang.info,385.718.9514,"USCGC Mcmahon, FPO AP 09872",East Jamieberg,KS,44191,Botswana,2022-01-11
C0282,Scott Stewart,karengriffith@hotmail.com,001-787-464-3131,"57151 Mark Street Suite 862, North Nicole, IL 27714",Seanview,TX,28967,Aruba,2024-07-28
C0283,Corey Bradford,edwardgeorge@gmail.com,358.713.8385,"071 Cynthia Ferry Apt. 133, Christinamouth, NY 23891",Ryanborough,WY,02319,Albania,2020-05-14
C0284,Michael Conner,jennifer60@gmail.com,(360)619-0989x27446,"737 Wilson Harbors, Kristenborough, MA 64297",North Bridget,NJ,93592,Montserrat,2019-12-23
C0285,Ashley Simmons,amandahamilton@hinton.org,(686)727-9323x23094,"53573 Erin Burgs Apt. 043, North Bruce, MS 85875",Tiffanyshire,MO,83919,China,2020-09-18
C0286,Heather Simpson,greenamber@zavala.biz,979.116.6852,"98674 Theresa Circle, Tanyaside, TX 46132",Vargasmouth,AK,85400,Korea,2020-12-06
C0287,Sarah Rice,andrewhoward@yahoo.com,744-314-1805x41822,"USNV Kelly, FPO AA 31494",Fernandoside,IA,09506,Hong Kong,2024-10-11
C0288,Shannon Carpenter,micheleolson@brady-butler.com,+1-181-623-6327x3471,"Unit 8789 Box 9214, DPO AE 47079",New Daniel,UT,39143,Syrian Arab Republic,2023-04-08
C0289,Deborah Cruz,carradam@park.com,+1-487-616-9717,"3334 Beasley Spur, Murphytown, ID 20023",Melissashire,SC,14238,Central African Republic,2021-07-20
C0290,Anthony Johnston,jasonlong@wilson.biz,001-333-682-7099x6745,"942 Parker Wall Apt. 551, Lake Robert, MI 88992",Nathanielfort,MN,79221,Morocco,2021-10-21
C0291,Isaac Smith,eprice@meyer.com,(900)985-6742x4671,"0397 Bell Pine, Lindseyhaven, ME 54859",Diazstad,NE,04090,Lao People's Democratic Republic,2021-03-22
C0292,Susan Leach,harmonstacey@hotmail.com,7233980660,"21250 Hicks Courts Suite 438, New Jessica, MT 53565",Lake Noahport,HI,47056,Guadeloupe,2022-12-14
C0293,Dawn Webb,gallegoskenneth@yahoo.com,+1-267-922-3752x60711,"420 Bennett Ville, South Michelle, VT 89409",Samuelview,KS,87814,Guadeloupe,2023-04-08
C0294,Donna Mccann,tammy03@hotmail.com,449.750.8667x0858,"56611 Jennifer Fort Suite 185, Lake Larry, AL 01542",Sarahland,SC,28117,Czech Republic,2022-04-27
C0295,Richard Johnson,wallacespencer@yahoo.com,001-193-937-8610x1032,"16932 Rodriguez Plains Suite 050, Lake Christianbury, IL 31943",South Andreastad,KS,17562,Canada,2020-11-20
C0296,David Smith,tammyhorne@garza.info,(314)908-1166x63535,"58934 Chelsea Parkway Suite 033, Wongport, ND 17703",Mckinneychester,MI,79863,Bangladesh,2021-04-28
C0297,Abigail Simpson,baileynathan@hotmail.com,001-741-420-4170x90044,"684 Page Isle Apt. 985, New Scottport, RI 10086",Rodgersberg,MS,43823,Madagascar,2024-03-25
C0298,Christopher Johnson,dhall@christian-martinez.com,(654)307-4790x94581,"71272 Tonya Station, Lake Matthew, UT 52992",Smithton,AR,33199,Reunion,2022-02-27
C0299,Matthew Riley,kimberly58@blair-chapman.com,+1-231-858-2204x2207,"419 Rebecca Groves Apt. 827, Zamoraberg, HI 85162",Stephaniemouth,OR,92229,French Polynesia,2023-02-09
C0300,Laura Thomas DDS,dustin05@yahoo.com,001-170-842-5057x7916,"444 Matthew Mountain Suite 405, Port Wandaton, MI 15794",Harmonchester,NY,71731,Rwanda,2024-03-16
C0301,Renee Mccoy,solomonashley@gmail.com,(648)243-7096x2812,"218 Eric Curve, Mitchellborough, VA 68078",Birdshire,ID,55521,United States of America,2021-10-01
C0302,Justin Beck,margaretallen@lewis-miller.com,168-898-9333,"Unit 9988 Box 4461, DPO AP 33117",Lake Shelbytown,MD,14275,Sao Tome and Principe,2023-02-14
C0303,Carrie Brady,rubiotracy@yahoo.com,723.006.4783x2508,"266 Walker Greens Suite 392, Powellborough, OR 12139",Alexanderside,GA,24359,Spain,2021-12-05
C0304,Michael Jennings,heatherroman@yahoo.com,(477)980-8888x444,"88998 Tyler Square, West Erica, DE 70041",Weissport,ND,23344,Bulgaria,2024-03-11
C0305,Juan Kelly,kennethanderson@yahoo.com,0652602768,"050 Owen Mission Suite 025, Port Timothyfurt, DC 54694",East Dawn,VT,24154,Brunei Darussalam,2024-04-03
C0306,Troy Gibbs,stapia@hall.com,9910594408,"510 Frazier Meadows, West Catherine, OH 35580",Penastad,ND,15329,Ghana,2021-04-24
C0307,Joanne Cline,jenny36@mclaughlin.com,1864369034,"3462 Hudson Drive, Christinaton, CA 04951",East Jessicafort,MA,03632,Iraq,2020-04-27
C0308,Angela Gonzalez,dfuentes@johns.com,(491)664-2388x37997,"USNS West, FPO AE 93280",Coxburgh,NE,11596,Holy See (Vatican City State),2022-11-20
C0309,Elizabeth Orozco,benjamin37@morales-thompson.com,315-374-3649x9030,"72436 Casey Mall Suite 607, West Danielle, SD 61603",Garyton,PA,26650,Jersey,2020-06-30
C0310,Tracy Guerra,ydavis@hotmail.com,247.094.7476x12034,"87873 Emma Dale Suite 307, New Lauraview, RI 47121",Nicoleburgh,WI,82610,Cote d'Ivoire,2021-08-11
C0311,Lee Fowler,wallaceeileen@murphy.org,+1-672-807-8592x93242,"USNS Simmons, FPO AA 38118",North Lindseyberg,AZ,68575,Panama,2022-03-26
C0312,Linda Santos,schmidtdavid@jenkins-garcia.org,(979)594-9547x97016,"1623 Bryan Plain Suite 668, South Eric, NH 38468",North Kylestad,WV,32764,Cyprus,2020-12-18
C0313,Javier Woods,david62@gmail.com,9104168529,"760 Thompson Square Apt. 498, Lake Maria, TX 34615",North Katherine,NC,09465,United States Virgin Islands,2022-08-07
C0314,Jordan Blackwell,jessicahill@gmail.com,(693)226-6621,"8025 Crawford Fords, South Debraland, NM 58795",Lindseyborough,VA,21289,Sweden,2024-08-15
C0315,Stephanie Thomas,ybowers@dougherty.com,+1-310-033-0095,"528 Lisa Common, Aprilchester, WY 42975",Brendamouth,TX,62001,Kuwait,2020-07-11
C0316,Sarah Hernandez,imitchell@gmail.com,001-971-706-9239x4072,"22811 Paula Springs, Melissamouth, VT 91512",Aguirreburgh,MI,46976,Macao,2022-06-17
C0317,Kristen Smith,tcollins@villegas.com,(243)511-6438x22243,"277 Morrow Place Apt. 033, South Matthew, ME 89682",East Roymouth,PA,32401,Bhutan,2020-12-05
C0318,Tracey Weiss,garrettsanchez@hotmail.com,(630)430-6486x028,"11715 Sarah Streets Suite 184, Woodfort, MT 01857",Stokesview,CO,47824,Wallis and Futuna,2024-01-08
C0319,Nancy Romero,adamslisa@potter.org,315-032-4445,"444 Amanda Squares, North Julieview, ME 66362",West Dawn,LA,81913,France,2023-09-28
C0320,Colin Smith,julie16@hotmail.com,623.599.9361x275,"54783 Carter Curve, Port Brian, MT 93818",Lopeztown,TX,21807,Martinique,2021-10-14
C0321,Nicole Wagner,ggould@hotmail.com,+1-923-852-8608x0931,"53470 Adrian Ranch, Parkton, TX 72242",Michaelberg,NJ,75358,Tunisia,2022-10-12
C0322,Justin Olsen,williscindy@yahoo.com,(100)250-5244x16014,"61008 Brown Ports Apt. 154, West Vanessaton, PA 63857",Rebeccaton,SC,11349,Italy,2022-02-27
C0323,Patrick Valentine,pwest@larsen.info,591-228-4344x73737,"8605 Gaines Harbors Suite 650, Davidsonstad, HI 31727",Riveraport,OH,07505,Northern Mariana Islands,2021-01-14
C0324,Kenneth Figueroa,johnschroeder@hotmail.com,+1-158-754-1745x360,"153 Rose Vista Suite 437, Hoburgh, GA 55890",Griffinstad,KY,78957,Iran,2023-12-11
C0325,Brian Webb,beth48@bell.info,(526)278-1937x7055,"USCGC Smith, FPO AE 20939",North Alex,MD,11573,Morocco,2022-09-09
C0326,Zachary Williams,qromero@brown.com,+1-581-688-5368x9064,"1480 Ronald Prairie, South Thomasport, WV 93582",Susanfort,CT,81648,Nauru,2021-09-27
C0327,Jon Frost,hfrank@briggs.com,001-391-236-9002x2475,"4114 Walter Drive Apt. 007, Lake Curtisborough, WY 09822",Port Dwayneborough,AL,05029,Panama,2024-03-22
C0328,Laura Rhodes,elizabethrussell@velasquez.com,+1-692-880-4335x61817,"3149 Jones Harbor, Port Ryan, OH 76441",Scottfort,FL,48896,Montserrat,2023-05-16
C0329,Daniel Hughes,david04@gmail.com,+1-156-541-3305,"3125 John Plain Suite 426, Cynthiamouth, MN 87706",Port Zachary,UT,20047,Yemen,2021-10-18
C0330,Nicholas Ward,michaelwilson@stevenson.info,123-631-1570,"7166 Evans Turnpike Suite 964, East Jason, KY 80832",Laurenmouth,MS,53924,Brazil,2021-10-11
C0331,Amber Torres,ywhite@gmail.com,681.860.8536,"Unit 8860 Box 5871, DPO AA 72623",Port Kathryntown,RI,07753,Jersey,2023-11-02
C0332,Adam Hawkins,masseygabrielle@patel.com,446-576-8713,"221 Terri Fields Suite 574, Aliceside, OR 27367",New Katiefort,SC,50944,Taiwan,2024-11-22
C0333,Cassidy Erickson,ellissamantha@scott.com,+1-329-591-6225,"4890 Kelly Run, West Brian, DE 05282",Albertport,TN,82097,Zimbabwe,2022-03-19
C0334,Jackie Cook,jmason@flynn-smith.com,7437035435,"91358 Conley Club Apt. 308, Carolynburgh, IL 95568",North Gregoryland,OH,21376,Luxembourg,2021-01-03
C0335,Kathryn Evans,valdezmelanie@gardner.com,7676441953,"2209 Ashley Springs, Lake Robertland, AL 83071",New Sarah,KS,56731,Nauru,2020-07-08
C0336,Christian Brady,amymontes@rivas.info,001-846-959-7844x70732,"308 Douglas Points, Port Duane, MA 93579",Salazarton,AZ,47664,Bahamas,2020-03-20
C0337,Jeffery Peterson,andrewhayes@yahoo.com,354.419.4053x655,"8554 Dalton Fords Suite 782, Rodgersburgh, OK 04792",New Rebecca,ND,76580,United States of America,2023-05-23
C0338,Cody Jordan,johnthompson@gmail.com,389.913.9823x5958,"08964 Evans Trail Apt. 273, New Janethaven, NV 57741",Jonesstad,SC,90471,Montenegro,2023-08-31
C0339,Keith Goodwin,cooleybrittany@lang.com,(426)035-6501x014,"85730 Boyer Path, Saundersburgh, VA 60573",New Karen,DE,62816,Gabon,2022-03-02
C0340,William Oconnor,thompsonmichael@hotmail.com,(613)513-5528x3605,"USNS Brown, FPO AP 16053",Port Tinaborough,ME,80693,Slovakia (Slovak Republic),2021-09-13
C0341,Travis Powell,hpeterson@yahoo.com,075-501-5092,"27485 Parks Common, New Amandaberg, PA 42718",Nancyhaven,LA,98845,Georgia,2021-10-04
C0342,Kaitlin Patterson,stewartdeborah@yahoo.com,585-927-5831,"PSC 8917, Box 3525, APO AA 22099",Lake Jamesland,IA,48748,Somalia,2024-11-19
C0343,Paula Maxwell,dana90@austin.com,469.879.7791,"5613 Nicholas Coves, West Lindatown, ID 84263",New Dennis,SD,97809,Myanmar,2022-08-22
C0344,Charles Villa,kelli11@yahoo.com,272.199.3604x14274,"8777 Morgan Orchard, New Debbieberg, ID 04059",Jessicaborough,KS,42417,Slovakia (Slovak Republic),2022-01-06
C0345,Anna Richards,donald02@gmail.com,813.903.5152x223,"81755 Yvette Bridge, North Cassandra, TX 58491",Port Michellefort,CA,81066,United States Minor Outlying Islands,2021-08-04
C0346,Alice Stephens,deborahmassey@underwood-torres.com,006-700-8877,"577 Kevin Manor, Lake Jonathan, NE 80068",Morganberg,MS,17176,Czech Republic,2020-11-11
C0347,Michelle Howard,ocole@torres.biz,727-272-4620,"57073 Garner Squares, Longville, AL 71532",South Stephen,DC,78336,Seychelles,2020-06-12
C0348,Diana Mckenzie,adriana22@wyatt-gordon.com,(223)560-7749,"Unit 9696 Box 8020, DPO AE 43983",Christopherfort,IN,30658,Dominican Republic,2024-09-11
C0349,Dan Dean,llee@wong-walters.com,423-180-2663x137,"58199 Brian Run Apt. 195, Thomasburgh, WV 51455",West Vincent,MS,16350,Peru,2020-10-02
C0350,Gregory Hill,qsanders@davies.info,+1-892-229-3921x234,"138 Michelle Forest Suite 814, North Taylorside, VA 69697",Richardland,MD,14866,Senegal,2021-08-21
C0351,Vanessa Stephens,grosssusan@gmail.com,308-161-3215x764,"15037 Carol Prairie, Desireemouth, AK 72151",Darlenefurt,DC,87848,Bhutan,2022-03-26
C0352,Barbara Cox,wstrong@cline.com,+1-233-154-6557x546,"170 Dorsey Oval Suite 290, Fosterland, LA 41817",Lake Tamiborough,TX,41488,Ethiopia,2022-12-31
C0353,Elizabeth Quinn,lauraturner@gmail.com,001-052-746-9340x3484,"921 Joseph Underpass, Michaelside, NM 39933",West Christopherberg,TX,46190,Vietnam,2023-05-30
C0354,Michael Wilson,brian28@gmail.com,+1-377-248-3625x3804,"66585 Cameron Estate, Port Jessica, OK 49004",Douglasshire,OH,58588,Timor-Leste,2022-02-08
C0355,Mark Leach,benjamin15@yahoo.com,001-633-253-9818x7603,"017 Amber Land, North Paulastad, SC 14400",Meganland,SC,35446,Marshall Islands,2022-02-22
C0356,Craig Skinner,jeanette95@fleming.biz,001-896-753-9642x4483,"0435 West Valleys, Hunterchester, ME 39718",West Jennifer,OK,61061,Faroe Islands,2022-09-30
C0357,Matthew Watkins,garciasteven@gmail.com,(369)095-5435x25065,"094 Jennifer Mountains, Victorbury, KS 95778",Lake Elizabethchester,OR,53728,Cote d'Ivoire,2023-05-27
C0358,Shannon Brown,christopher24@gmail.com,001-270-099-9665x0296,"314 Lawrence Brook, Lake Joside, RI 85390",Amyland,AZ,99523,Bahrain,2021-11-29
C0359,Sheila Davis,otownsend@reeves.org,635-930-1141x4252,"93594 Moore Estate, West Albertmouth, DC 80669",Debraville,TX,33130,Korea,2021-02-17
C0360,Alexander Brown,adamsjason@chandler.net,922-011-7351,"PSC 3380, Box 5610, APO AA 90482",Lake Lukemouth,MN,30350,Luxembourg,2021-02-21
C0361,James White,lisa09@wilkerson.info,0751067977,"6294 Aaron Avenue, New Tina, NH 80232",Barrettmouth,WI,48223,Albania,2022-09-23
C0362,Lucas Mason,hrivera@yahoo.com,386.070.9665x029,"46665 Bradley Mills Suite 588, East James, WI 75720",Kimstad,MI,49390,Burkina Faso,2021-03-04
C0363,Alice Martin,james43@yahoo.com,001-143-657-8769,"6618 Lewis Row, West Adam, VT 76695",Amyberg,MI,41950,Sierra Leone,2020-02-19
C0364,Joshua Robinson,griffithmelanie@hill.com,+1-260-215-0400,"5892 Franklin Squares, New Amanda, AR 56354",Lake Joannemouth,IL,79765,Mexico,2024-06-15
C0365,Marc Morales,gjohnson@hutchinson.biz,239-296-7008x6591,"80065 Brianna Stream, East Jonathan, MA 68266",Jacksonport,WY,12550,New Caledonia,2022-01-13
C0366,Elizabeth Love,fisherbonnie@hotmail.com,754.998.7514x61907,"USNS Morse, FPO AE 12245",West Danielhaven,NY,30971,Micronesia,2022-12-04
C0367,Denise Baker,qwilliams@hotmail.com,(623)786-0857x173,"73320 Ferrell Courts Suite 034, North Ryanberg, NH 27473",West Jason,NV,06253,Niue,2022-04-05
C0368,Ian Fitzgerald,simpsonjohn@hotmail.com,155.872.8455,"7543 Wiley Spring, Kennethchester, CA 37985",West Carol,LA,65025,Philippines,2021-04-19
C0369,Jimmy Andrade,iblackwell@yahoo.com,(675)728-0925x653,"760 Keith Manors Apt. 640, South Daniellebury, LA 74786",South Kyle,AZ,23955,Congo,2020-06-24
C0370,Erica Gordon,wbriggs@hotmail.com,+1-413-137-9016x292,"680 Sanchez Springs Apt. 952, Jacobfurt, NC 99923",East Kenneth,IN,85040,Anguilla,2020-06-13
C0371,Daniel Cole,trevor74@graham.com,538.801.4062x9775,"56580 Ryan Centers, Jasmineberg, TN 23913",Port Jillside,NV,41450,Lebanon,2020-02-29
C0372,Alyssa Strong,xblackburn@hotmail.com,905.337.0402x845,"16383 Bryant Vista, Barberstad, ID 57099",Lake Michelle,MA,69443,Austria,2024-11-09
C0373,Catherine Hart,aschmitt@hotmail.com,(882)939-2349,"194 Cook Forks Apt. 465, Joshuaville, MD 10410",Lake Frank,VT,65518,Russian Federation,2023-08-10
C0374,Christy Kirk,jessica96@simmons.com,+1-352-510-7969,"3854 Jimmy Trafficway, West Jessica, AL 53969",New Dylan,ME,96485,Albania,2021-02-22
C0375,Linda Rojas,kevin80@foster.org,385-332-0217x415,"5077 Jacob Terrace Apt. 223, South Andreborough, SD 68020",Cherryshire,NY,66894,Mongolia,2024-11-09
C0376,Mary Fleming,elizabethwright@hotmail.com,(067)782-7962x2993,"920 Kevin Isle, East Grant, NH 69772",East Jacobmouth,AZ,15147,Honduras,2022-02-06
C0377,Cheryl Lyons,bross@gmail.com,(214)777-2143,"9182 Daniel Glens, Whitemouth, WY 49069",Lake Brooke,IL,23136,Singapore,2021-12-02
C0378,Brandon Ellis,kimberly91@gmail.com,7874084781,"32486 Moses Drive Suite 801, Mayfurt, KY 03039",Rogerside,TN,33928,Greenland,2024-01-16
C0379,Nathan Thomas,umayer@bruce.com,+1-420-554-5107x866,"Unit 3400 Box 8455, DPO AP 86698",Valentineview,CT,80322,France,2024-02-07
C0380,Steven Francis,sabrina61@hotmail.com,873.323.7133x450,"50800 Andrea Gateway, Rodriguezchester, NM 72273",North Tyler,AL,72889,Madagascar,2021-03-17
C0381,Mark Vazquez,goodwincarlos@herman.biz,(424)841-1827x0686,"876 Medina Views, Port Samantha, DE 47141",Lake Lauraport,NE,43363,Costa Rica,2022-01-15
C0382,Richard Clements,burkejennifer@yahoo.com,885.993.0486x996,"49234 Tina Ports, Lisaside, SD 92724",Rayview,NV,01191,Bosnia and Herzegovina,2021-10-06
C0383,Kathryn Fitzgerald,johnsonmeredith@reyes.com,001-133-653-5281x1603,"88644 Frey Orchard, Anthonyport, GA 06449",North Jessica,CO,98523,Iraq,2023-05-23
C0384,Danielle Schultz,christopherrodriguez@yahoo.com,(642)569-3654,"1520 Berry Turnpike, Marcusbury, ID 86249",Lake James,IA,41432,Germany,2022-12-17
C0385,Sarah Williams,uhays@hotmail.com,+1-484-286-2378x7510,"281 Sean Keys, Bonnieview, AL 93779",Wutown,NM,74281,Paraguay,2020-12-03
C0386,Amanda Rubio,eatonanthony@gmail.com,(660)957-9944,"3181 Robinson Branch Apt. 032, West Michael, MT 89794",West Katherineport,TX,37361,Iraq,2024-07-29
C0387,Paul House,robertgardner@hotmail.com,+1-936-376-1445x1943,"37318 Spencer Trafficway Apt. 421, Rothland, CA 41077",Robertside,MT,72576,Moldova,2021-12-01
C0388,Jonathan Conley,janet27@gallegos-smith.biz,+1-678-661-7072x1854,"0509 Navarro Forks Suite 493, Medinaview, NJ 59552",Port Taylor,TX,95045,Luxembourg,2020-06-17
C0389,Shaun Tyler,nramirez@gmail.com,+1-299-951-4755,"171 Parks Flat, Ayalaberg, MA 54181",Christopherland,AZ,71435,Switzerland,2020-06-08
C0390,Robert Townsend,morganjacob@yahoo.com,001-258-296-6270x8536,"123 Kimberly Islands, East David, LA 47606",West Christopherton,WY,12998,Vanuatu,2023-04-03
C0391,Vincent Lewis MD,kristaherrera@hotmail.com,568-432-3136x7561,"6892 Flores Squares, Bowmanfort, NY 68548",West Dennis,OH,04189,Antigua and Barbuda,2024-03-26
C0392,Jenny Simon,james07@gmail.com,2729183024,"USS Bautista, FPO AA 33978",New Jenniferstad,AK,18845,Angola,2021-05-27
C0393,Andrea Bowen,higginsroberto@forbes-weeks.net,996.131.1738x066,"725 Evan Brooks, South Michelleville, ND 01641",Christopherbury,NC,20286,Svalbard & Jan Mayen Islands,2021-04-02
C0394,Grant Fuller DDS,hschwartz@gmail.com,4584650529,"349 Estrada Skyway, Lake Cassandrafort, DC 08119",North Mckenzieview,IL,13603,Guernsey,2021-12-06
C0395,Jonathan Campos,catherineingram@smith.info,534-211-4777x40217,"8071 Valerie Gardens, Schultzbury, UT 86111",East Julia,OR,30689,San Marino,2021-03-14
C0396,Thomas Clay,anthony96@hotmail.com,495.571.1439x595,"195 Barker Rapids Apt. 807, Wilsonmouth, CA 41806",Port Kaylee,AK,52379,Norfolk Island,2021-12-09
C0397,Elijah Henderson,patelandrew@gmail.com,(679)007-7976,"90658 Parker Trace, Maryhaven, NV 28064",New Charlestown,NE,10511,Iran,2024-08-22
C0398,Rhonda Reyes DDS,kristen91@robinson-maldonado.biz,130.654.8515x7529,"48881 Santiago Stream, South Jeffrey, DE 08175",Hoffmanville,MS,07839,Israel,2020-12-31
C0399,Mary Hall,iherrera@hotmail.com,8171355540,"650 George Shore, Angelaborough, OR 65178",New Austinside,NM,38998,Ireland,2024-11-28
C0400,Kelly Farrell,patrick53@gmail.com,001-550-349-2872x447,"2864 Lauren Tunnel Suite 865, Lake James, AR 69759",West Steve,OH,69193,Cambodia,2020-05-15
C0401,Randall Ramsey,estradaemily@gmail.com,(800)253-0196,"USS Goodwin, FPO AP 08841",North Erin,CT,81468,Indonesia,2023-02-11
C0402,Julia Barry,holtchristopher@guzman.biz,160-370-8231x586,"127 Peterson Stravenue Apt. 324, East Stephen, AL 63718",Gentryshire,UT,17146,Rwanda,2023-11-21
C0403,Charles Camacho,qgreen@yahoo.com,(148)122-0449,"56879 Hickman Drives Apt. 601, Angelashire, DC 04427",Lindsayborough,WY,81994,Libyan Arab Jamahiriya,2023-03-07
C0404,Cindy Fuller,tony59@yahoo.com,(327)082-5759,"540 Stephanie Route, Lake Kellyside, MT 49551",Reesemouth,WI,99146,United States Virgin Islands,2022-10-19
C0405,Jeffrey Perez,trodriguez@yahoo.com,157.258.1393x315,"76274 Daniel Vista, Port Timothy, AR 74157",West Leslie,MO,42311,Malawi,2022-12-24
C0406,Roger Hunt,cmartin@yahoo.com,327.507.9694x8993,"5600 Jasmine Stravenue Suite 532, West Daniel, IN 06840",Sanchezhaven,NY,23600,Antigua and Barbuda,2021-09-10
C0407,Amanda Golden,andrewrich@morrison-cox.com,001-295-085-4500x0812,"6796 Jesse Streets Suite 995, New Amanda, KY 67974",South Jane,UT,14378,France,2022-08-27
C0408,Sonya Hughes,rebeccasandoval@thomas-benton.com,181-633-2772,"630 John Mill, East Marcus, CO 52468",Jasonville,KS,85329,Congo,2019-12-28
C0409,Kevin Ramirez,davidclark@hotmail.com,+1-062-114-3445,"3796 Long Ville, Leontown, HI 15625",Roberttown,HI,98083,Saint Kitts and Nevis,2021-01-07
C0410,Ricky Green,fritzwilliam@gmail.com,(322)394-5971x9568,"16668 Melanie Locks, Millerburgh, MT 61916",West Lindsaychester,WY,27330,Tajikistan,2020-01-29
C0411,Marisa Allison,fholt@yahoo.com,6173099928,"247 Martinez Walk Suite 143, Huntermouth, PA 28332",East Bradley,VA,37689,Jordan,2024-05-16
C0412,Anthony Dodson,leejohn@hotmail.com,+1-010-592-9339x2849,"34356 Page Streets Suite 433, North Shirley, WA 60228",Combsborough,AZ,65937,Congo,2022-10-05
C0413,Kevin Smith,qvillarreal@york.info,001-964-326-3840x989,"63676 Christopher Shores Suite 546, Autumnstad, ME 96606",Mitchellstad,SD,02503,Pitcairn Islands,2022-04-09
C0414,Kevin Chavez,megan79@fischer.com,4912977300,"93049 Charles Crescent Apt. 250, Floresside, MO 98706",North Kaitlinborough,MN,26664,El Salvador,2021-07-23
C0415,Rebecca Carr,david68@hanson.com,(879)788-5629,"43128 Brad Mission, North Jessica, NV 01804",Weisschester,IA,12208,Lithuania,2020-11-01
C0416,James Thomas,zjackson@collins-orozco.com,001-908-725-5536x9769,"72787 Christopher Gateway, East Ericberg, SD 83070",West Jasonberg,SD,38983,Latvia,2023-12-12
C0417,Samuel Green,dennis38@shelton.com,(039)890-6376,"72222 Moreno Groves Suite 473, Andersonport, KS 16334",Dianehaven,OK,49923,Guernsey,2024-10-02
C0418,Andrea Mosley,jjohnson@gmail.com,(263)779-0492x0242,"577 Barrett Flats, Port Sarah, WI 35342",Johnsonfurt,MO,81203,Uzbekistan,2020-03-14
C0419,Angela Young,christine63@yahoo.com,(222)781-0409,"9311 Adams Run, Romeroview, TN 19518",Audreyhaven,DE,36670,Congo,2021-07-12
C0420,Claudia Bates,fredericklawrence@adams.org,979-426-0515x94567,"0676 Reyes Plaza Apt. 698, West Dawn, IA 72724",Port Haleyburgh,VA,82905,Ghana,2024-11-08
C0421,Ashley Estes,shannonmorris@adams.com,240-976-1086x24597,"1438 Gutierrez Lane, Bradleyburgh, OR 75257",East Travis,WI,65127,Portugal,2021-08-21
C0422,Jennifer Mccall,toddjames@yahoo.com,392.303.5018,"3067 Jordan Trace, East Angela, TX 13996",Port Alan,MA,45516,Yemen,2021-06-16
C0423,Leslie Kelly,matthew42@vaughan.org,102.339.4025x860,"175 Bailey Crest Apt. 174, East Anthonymouth, FL 43731",Villegasshire,GA,24751,Peru,2023-07-17
C0424,Peggy Williams,brandoneaton@leon.biz,001-419-608-9526,"8369 Michael Inlet, Berryfort, RI 64697",Amandaberg,IA,50848,Albania,2022-07-11
C0425,Rachel Garcia,ldaniels@hotmail.com,(757)212-9045x547,"1655 Cook Gardens, Henrymouth, ND 12719",North Davidport,MN,67852,Bangladesh,2023-06-12
C0426,Arthur Jones,antoniosmith@hotmail.com,741.278.5214x038,"856 Murphy Fall, Lake Adamton, RI 83045",North Kara,NM,48432,Botswana,2024-04-30
C0427,Jennifer Thomas,dwyatt@hotmail.com,1030042262,"9454 James Motorway Suite 159, Port Pamelaland, KY 28812",Williamton,SC,35232,Namibia,2024-01-23
C0428,Nicole Scott DDS,ameyers@sanchez-mcpherson.com,+1-382-002-3393x08583,"39013 Conrad Viaduct Apt. 060, Wattsport, WY 29498",New Cole,AL,33150,Lao People's Democratic Republic,2020-04-01
C0429,Tina Davis,cschwartz@galvan.org,3806199848,"2706 Clay Valleys, Amandachester, UT 80508",Bryantown,TX,96342,Mauritania,2020-07-30
C0430,David Baldwin,caleblin@gallegos.com,1343485926,"USNV Payne, FPO AP 71502",East Daniel,LA,63986,Japan,2023-12-03
C0431,Teresa Murillo,sarah42@henson-compton.com,+1-784-098-9883x03102,"895 Todd Hill, Lake Calebton, NV 38648",Malloryfurt,RI,09477,Ghana,2024-01-29
C0432,John Harrison,rebekahparker@hotmail.com,(464)217-3050,"2773 Gregory Walk Apt. 918, East Angelicaville, CT 43064",Lake Andrealand,MT,62490,Guyana,2022-02-07
C0433,Craig Jones,nwatson@gmail.com,929.747.3061,"71571 Brenda Highway Suite 529, Colemanshire, OH 57416",Crystalmouth,MS,50670,San Marino,2020-09-03
C0434,Todd Herrera,petersonjonathan@shields.com,001-845-416-8094x54398,"632 Chelsea Vista, Port Lawrence, WY 26321",Lake Dustintown,NH,71186,Grenada,2021-05-14
C0435,Eric Lucero,shortandrea@yahoo.com,580.215.0458,"680 Bates Turnpike, East Brian, SD 91484",Camposview,MA,02490,Faroe Islands,2020-10-09
C0436,Gabriel Chapman,wayne15@lee.com,+1-530-827-0949,"0579 Chen Estates Apt. 742, East Nicole, CT 06352",East Gilbert,FL,11691,Tunisia,2022-06-26
C0437,Grace Wood,joseph84@yahoo.com,235.055.9880x147,"560 Wells Turnpike Apt. 054, Mejiaport, MI 75587",Port Michelle,DE,54144,Pitcairn Islands,2022-06-14
C0438,Manuel Powell,heathergardner@mercer.info,001-002-318-0408x95710,"98361 Smith Ville, North Heather, HI 97667",Morrisland,VT,51899,Korea,2022-09-14
C0439,Tracy Brewer,goodmanrichard@hotmail.com,083-101-5500x996,"372 Escobar Groves, West Jerryberg, OH 59048",Lake Jacobborough,NJ,85599,Pitcairn Islands,2023-04-12
C0440,Joseph Goodwin,greenkeith@jimenez.com,001-961-750-1407,"4656 Mary Hills, Staceyfort, LA 84269",Johnside,KS,91933,Sudan,2021-10-28
C0441,Todd Fox,kristajohnson@young.biz,+1-010-251-0957x4920,"8184 Boyd Way Apt. 689, Kingside, GA 38720",East David,AK,14012,Bulgaria,2024-03-19
C0442,Lauren Lewis,morgan73@johnson-russell.com,379-086-9070,"93472 Samantha Court Suite 977, Rileyport, CA 63593",Pattersonchester,VA,04425,Canada,2023-01-17
C0443,Greg Ellis,ypowell@stone.com,+1-053-944-2273x928,"79636 Christopher Rapid Apt. 561, Floresstad, NY 63930",Port Catherineland,ND,65583,Sri Lanka,2020-12-10
C0444,Gloria Graham,kpotter@moreno.net,457.041.2051x5007,"360 Donaldson Corners, Meganview, FL 61609",Christopherton,GA,01524,South Georgia and the South Sandwich Islands,2020-12-25
C0445,Sarah Jones,dgeorge@torres-meyers.com,6291854338,"566 Sanders Meadows, Mitchellfurt, VT 42466",Lake Jessicaton,OH,33407,Mongolia,2024-07-17
C0446,Taylor Jones,qhowe@elliott.org,722.499.9147x0432,"8338 Porter Locks, North Heather, OH 92702",Laurafort,ID,71934,Pakistan,2020-06-05
C0447,Eric Hensley,toddfloyd@yahoo.com,397-221-6999,"0485 Courtney Valleys Suite 694, Andersonmouth, IA 22969",Rogersside,IL,48153,Iraq,2024-04-04
C0448,David King,kellysteven@riley.biz,(765)127-7919,"04333 James Island Apt. 590, Kylemouth, UT 47327",Johnside,GA,69154,Argentina,2021-07-18
C0449,Robert Ingram,cruzjon@gmail.com,137-730-0968x78605,"2565 Payne Burg, Katherinefort, CA 79938",Laurenport,AR,48819,American Samoa,2020-07-22
C0450,Walter Park,kathryn68@ramirez.com,001-534-689-9638,"3953 Hughes Villages Apt. 603, East Christopherfurt, MA 01246",Lake Ryan,NH,74841,Vietnam,2020-01-14
C0451,Melissa Fowler,catherine30@snyder.com,330-695-1707x338,"013 Patterson Landing, South Vicki, KS 63293",South Benjaminbury,WA,57149,Brunei Darussalam,2021-02-07
C0452,John Guerrero,iwillis@rodriguez-knight.com,750-032-2743x8519,"USS Ward, FPO AA 07553",Brownland,WA,64063,French Polynesia,2020-06-02
C0453,Keith Parks,whitneymoss@garcia-davis.biz,+1-356-768-2225x757,"534 Vasquez Village, Christophershire, MS 15987",West Meghantown,WV,06828,Netherlands,2022-10-03
C0454,Joshua James,garciamark@munoz.com,002.721.3205x85847,"5929 Washington Groves, New Heather, NH 51575",North Cody,WI,39066,Angola,2021-11-05
C0455,Laura Stevenson,hollandjason@yahoo.com,(090)317-2233,"Unit 4759 Box 3003, DPO AE 18127",Kimberlyfurt,KY,95935,United Kingdom,2021-02-05
C0456,Cindy Delgado,jessica26@taylor-wheeler.com,(006)244-8179x8181,"659 Lawrence Plaza, New Amberville, UT 82847",West Emilyside,FL,97932,United Arab Emirates,2020-09-12
C0457,Jennifer Foster,rrobertson@gmail.com,725-955-8041x095,"35535 Wright Skyway, South Todd, NJ 81553",Donaldtown,CT,74355,Tuvalu,2024-06-19
C0458,Maria Morrison,wmartin@jensen.com,001-528-893-2748x936,"PSC 7874, Box 8696, APO AA 91778",Lake Christophermouth,OR,08172,Grenada,2021-08-31
C0459,Joseph Walker,james82@gmail.com,(957)214-1852,"005 Buchanan Spur Suite 654, South Andrea, NY 50306",Andersontown,NC,08360,Equatorial Guinea,2020-05-15
C0460,Martha Daniel,moorewhitney@gmail.com,001-820-620-0929x22557,"904 Justin Tunnel, Mcneilside, ND 12637",Port Amyfort,DC,48242,Hong Kong,2024-06-09
C0461,Lisa Smith,jhawkins@fuller-fitzgerald.com,269.857.8415,"3095 Alexander Lodge, Michaelbury, CT 96673",New Tara,CO,83108,Kazakhstan,2020-01-24
C0462,Douglas Gonzalez,hinesdylan@yahoo.com,(296)079-8167,"62687 Rodriguez Curve Apt. 538, North Michelleside, MD 56358",Port Rhonda,DC,49600,Bosnia and Herzegovina,2024-08-15
C0463,Jason Ellis,wgonzalez@gmail.com,042.783.4095,"345 Hunt Springs, Burnsville, NJ 01414",South Tony,NY,59327,British Virgin Islands,2023-04-05
C0464,Jeremy Flores,sarahobrien@walker.org,896-562-8642x69983,"69821 Myers Via, Lake James, ND 96838",Victoriamouth,OH,17031,Bouvet Island (Bouvetoya),2022-03-17
C0465,Curtis Wagner,allisonaudrey@davis-parker.info,658.703.2801x548,"44550 Miller Extension, Annamouth, OH 67100",Sharonfurt,ND,79584,Comoros,2020-02-19
C0466,Becky Adams,amber69@buchanan.com,001-571-898-5643x7588,"157 Toni Loaf Apt. 169, Port Nathan, VT 95319",South Elaine,NV,28441,Saint Kitts and Nevis,2024-05-05
C0467,Lisa Robinson,jrobinson@gmail.com,031-186-5654x32141,"77372 Matthew Glens Suite 269, New Tony, OK 24763",Amandashire,CA,74215,Dominica,2021-05-22
C0468,David Martin DDS,mcollins@george.org,8306030399,"53037 Mike Heights Suite 726, North Fernando, VA 48598",Cobbton,NJ,87790,Cameroon,2023-07-16
C0469,Justin Morrow,yramirez@hotmail.com,+1-535-214-3862x83822,"38126 Erika Station Apt. 901, Wongport, SD 39633",Jamesborough,AL,14808,Haiti,2024-06-10
C0470,Tina Dean,arobinson@morales-simpson.org,+1-571-980-9457x08889,"2691 Erickson Mountains Suite 947, Daviesport, RI 00783",Stacyhaven,TX,30861,Grenada,2021-09-03
C0471,Andrew Swanson Jr.,christopher37@yahoo.com,539-887-5543x576,"56576 Petersen Dale Suite 175, South Heather, CO 94866",Laurafort,CA,84207,Thailand,2023-09-25
C0472,John Johnson,mckinneymegan@hayes-durham.com,(847)538-0555x729,"18366 Tiffany Street, North James, KS 38543",Dickersonside,NE,80071,Guatemala,2021-04-22
C0473,Sherry Reyes,carolbaker@ruiz.biz,638-884-4800x070,"60192 Simpson Turnpike, Johnsonside, OH 92719",Whiteheadburgh,DE,48286,Eritrea,2024-08-31
C0474,Emily Andrews,wendyjohnson@gmail.com,(366)639-4762x5827,"9110 Martin Shore Apt. 950, South Carlosfort, HI 18247",Clarkechester,RI,33676,Micronesia,2021-03-16
C0475,Michael Moore,millersarah@cain.net,728-377-7397x4179,"70690 Nancy Turnpike Suite 018, Port Paige, OH 20023",New Elijah,RI,70890,Saint Martin,2024-02-16
C0476,Erin Moore,craigchristina@gmail.com,+1-356-115-1986,"2159 Ann Cliff, South Timothy, HI 09113",New Keithtown,WV,94632,Tuvalu,2021-03-10
C0477,Duane Hernandez,matthew81@perez.net,677.534.2360x3054,"PSC 2056, Box 4271, APO AP 84150",New Matthewtown,MI,95474,Sao Tome and Principe,2022-09-12
C0478,Robert Molina,matthew99@santiago.com,+1-442-932-0494x26631,"USNV Lee, FPO AE 98949",South Victorport,WY,03312,Albania,2022-09-05
C0479,Mark Davis,wardrachel@espinoza.com,727-551-7821x43692,"977 Mary Lights Apt. 642, Amberville, AK 61635",Harrisside,KS,14381,Gibraltar,2023-06-10
C0480,Bruce Lopez,josephdavis@yahoo.com,+1-917-838-1006x6555,"395 Kathleen Plains, Michaelfurt, UT 84632",South Manuel,IA,83917,Maldives,2023-08-12
C0481,Marissa Gutierrez,arroyoalan@nunez.com,972.304.8064x32501,"157 Yvonne Union Apt. 284, Rebeccahaven, WI 28319",Alexandraton,NM,16484,Croatia,2022-05-23
C0482,Raymond Owens,russell63@gmail.com,(020)210-9863x509,"34399 Juan Motorway, Barnesland, WY 86534",Jeffreychester,ME,61158,Czech Republic,2022-09-04
C0483,Bailey Crawford,pthomas@yahoo.com,(686)101-9071x89281,"377 Nancy Throughway, New Tylerville, OR 46955",Jordanchester,TX,65276,French Guiana,2022-01-03
C0484,Crystal Morales,brandonbarnett@fisher.com,9050697519,"760 Courtney Ridges, South Patrick, KY 66899",North Robert,MI,87089,Martinique,2024-02-24
C0485,Bianca Werner,sallen@walker.biz,(472)708-0792x82767,"0139 Wilson Row, Joseview, AZ 93797",Erikabury,GA,04208,Pakistan,2021-06-15
C0486,Rebecca Fisher,cruzdavid@gmail.com,+1-420-268-0731,"32673 Arias Prairie Apt. 099, North Benjamin, FL 88758",Marcusfurt,HI,10245,Sri Lanka,2021-04-22
C0487,Michael Smith,alex58@davis-ward.com,001-018-396-2146x64168,"37350 Luke Road, East Timothy, DE 08360",Port John,SD,16377,Guinea,2024-05-04
C0488,Ronald Cantu,oalvarez@wright-yoder.com,393-530-7069x192,"246 Daniel Track, Port Matthew, ID 24827",Carsonshire,ME,30503,Russian Federation,2024-06-12
C0489,Mary Clark,parkerpaul@stephens.biz,0399083953,"71896 Hayley Parkway, Port Tiffanymouth, DC 94185",Robertton,VT,98614,Greece,2020-12-16
C0490,Beverly Levine,fsmith@gmail.com,387-906-4926,"PSC 1292, Box 7903, APO AE 49776",Lake Shelleymouth,IN,51028,Comoros,2023-01-04
C0491,Robert Cooper,cheryl12@kelly.com,782-000-7380x487,"10939 Clark Highway Suite 648, North Shawnshire, AR 84297",Harrisville,OR,13716,Bouvet Island (Bouvetoya),2021-12-07
C0492,Emily Savage,riddlerobert@yahoo.com,096-239-1978x2976,"08399 Bobby Meadow Apt. 137, East Chris, SC 83799",Steinport,VA,07064,Poland,2020-02-08
C0493,Matthew Johnson,brownrenee@garcia.com,800-083-6988,"71930 Kelly Centers Apt. 374, Stephenborough, IN 26125",South Melissaland,CA,14100,Poland,2020-08-25
C0494,Kayla Robinson,ralphnielsen@gmail.com,3389062839,"USCGC Alvarez, FPO AE 59663",Mikaylaborough,KY,27407,Argentina,2023-08-14
C0495,Linda Williams,amy30@yahoo.com,320.361.2737x34235,"553 Moody Corners, East Danielleborough, OR 24925",Lake Tyrone,NM,61744,Russian Federation,2022-05-10
C0496,Lindsay Morgan,eringomez@mullins-james.com,998-797-7268x6552,"1900 Fritz Brooks, Lake Christine, AR 02349",Elizabethport,KS,77230,Pakistan,2023-04-13
C0497,Mason Fernandez MD,joshua30@bray.com,+1-673-280-5302,"28711 Jennifer Isle Apt. 562, South Katiefurt, OR 57650",East Stacey,TN,87454,Haiti,2021-12-31
C0498,Ryan Valentine,kevin51@yahoo.com,(188)828-8751x8863,"599 Michael Islands Suite 387, Julieside, WY 57329",South Alex,DE,59032,Monaco,2021-03-21
C0499,Mr. Robert Turner,michael99@yahoo.com,161-952-8689x925,"711 Michael Manor, South Barbara, NE 15968",West David,AL,44091,Micronesia,2021-01-02
C0500,Zachary Jackson,daviskathy@hotmail.com,647-233-2074x966,"5285 Nicholson Harbors Suite 134, Robertmouth, NC 90755",Isaiahfort,AZ,22167,Lebanon,2023-06-14
