ReviewID,ProductID,CustomerID,Rating,Comment,ReviewDate
R0001,P0143,C0260,1,Case above concern share western adult establish.,2023-12-16
R0002,P0026,C0198,3,Send can blood mission.,2023-11-07
R0003,P0052,C0372,4,Lot we between audience task.,2023-10-26
R0004,P0065,C0318,4,Administration political else position hair watch every.,2023-06-28
R0005,P0075,C0092,3,Learn take and.,2023-06-16
R0006,P0126,C0389,1,Perform seat experience usually crime measure control let.,2024-12-02
R0007,P0128,C0181,2,Hold star scientist maintain find particularly can.,2024-11-01
R0008,P0198,C0080,1,Entire thank sort region.,2022-12-20
R0009,P0172,C0191,1,The law reduce goal.,2023-11-07
R0010,P0028,C0049,2,Truth side national stand.,2024-06-05
R0011,P0082,C0264,4,Buy walk yet get.,2024-05-15
R0012,P0104,C0192,3,Country those necessary line serious both son.,2024-11-28
R0013,P0141,C0122,4,Area work this pressure long indicate across.,2023-07-18
R0014,P0133,C0162,3,Idea hotel thought former recently red.,2024-06-08
R0015,P0138,C0020,5,Opportunity have accept popular lead.,2024-04-19
R0016,P0132,C0420,1,Fast inside out tonight himself very.,2023-08-19
R0017,P0195,C0289,2,Official billion protect trouble world gas.,2023-10-13
R0018,P0181,C0024,3,Expert member data protect staff pick little.,2024-05-17
R0019,P0096,C0464,5,Continue condition wrong behavior enjoy you.,2024-06-28
R0020,P0116,C0071,5,Beat role treatment loss huge learn.,2023-09-04
R0021,P0134,C0109,2,Before save half think.,2024-03-12
R0022,P0002,C0174,5,On pressure whether remember.,2023-09-19
R0023,P0015,C0206,1,Place bed particular hundred look ball different ahead.,2024-02-20
R0024,P0024,C0111,4,Police time chance teacher find in dark space.,2023-02-13
R0025,P0155,C0288,1,Wrong health consider investment sometimes possible today.,2024-09-05
R0026,P0088,C0125,3,Defense per program.,2024-02-04
R0027,P0006,C0325,3,Team responsibility south foot stage still key major.,2023-08-28
R0028,P0164,C0317,5,Strong light decade third about expect camera.,2024-02-10
R0029,P0134,C0497,1,Entire mind citizen pattern trouble.,2024-05-31
R0030,P0033,C0356,4,Out time against meet describe.,2024-06-29
R0031,P0068,C0061,1,Science low hotel place.,2024-10-05
R0032,P0012,C0078,5,Challenge of within us.,2024-01-21
R0033,P0112,C0375,3,Thought culture race night.,2023-10-20
R0034,P0052,C0479,1,Focus two article wind large front standard.,2023-03-19
R0035,P0177,C0498,3,Red can customer maybe quality.,2023-08-22
R0036,P0033,C0409,3,Myself own now enjoy she save worker.,2024-02-18
R0037,P0116,C0062,5,Win attack rule painting.,2024-03-28
R0038,P0107,C0179,4,End lead hit foreign claim meet.,2024-02-14
R0039,P0139,C0026,2,Floor crime leader rock painting.,2023-04-16
R0040,P0116,C0194,3,Camera natural what reflect knowledge.,2023-04-21
R0041,P0165,C0063,2,Herself throughout student hour.,2024-05-31
R0042,P0062,C0392,2,Federal right agree people whom than natural.,2024-09-22
R0043,P0024,C0008,1,Mother raise much gas sell.,2023-12-16
R0044,P0006,C0487,5,Statement soon send identify government cup political expect.,2023-02-11
R0045,P0011,C0434,3,Glass same stage a.,2023-08-06
R0046,P0121,C0336,4,Year medical security far design.,2023-10-28
R0047,P0129,C0018,4,Possible region each how develop former only.,2023-11-20
R0048,P0035,C0446,1,Face specific may behavior range.,2023-06-25
R0049,P0034,C0455,5,Early change its tough teach write choice.,2023-05-18
R0050,P0055,C0027,2,Public time step how red other.,2023-10-26
R0051,P0097,C0075,4,System fear site successful glass seem.,2024-01-26
R0052,P0162,C0051,4,Building create test history.,2024-10-03
R0053,P0029,C0078,3,Another window yet.,2024-09-26
R0054,P0064,C0269,1,Attack according listen leader.,2023-02-04
R0055,P0043,C0102,3,Step party toward painting again lay.,2023-09-08
R0056,P0102,C0251,1,Final effect use unit play sing.,2023-05-23
R0057,P0111,C0270,5,Hit no whether place check seem left.,2023-12-09
R0058,P0148,C0365,4,News after war religious painting.,2023-01-02
R0059,P0171,C0182,1,Meet young car it capital.,2023-03-01
R0060,P0036,C0044,2,Feeling lose program too tough.,2023-02-19
R0061,P0015,C0405,5,Assume doctor detail hard last.,2024-09-29
R0062,P0121,C0047,3,Break career any address soldier million wall TV.,2023-11-07
R0063,P0095,C0158,1,Democratic experience state.,2023-07-18
R0064,P0032,C0218,5,Reduce relationship walk coach free five.,2023-08-16
R0065,P0034,C0422,4,Fast quality minute heavy wait nation.,2023-09-23
R0066,P0080,C0316,4,Reduce option chair former will.,2023-03-16
R0067,P0051,C0382,3,Many all police leave discover class.,2023-11-11
R0068,P0080,C0440,5,Really international spend forget low without summer.,2022-12-26
R0069,P0013,C0380,5,None tree anyone character room nor go.,2024-10-15
R0070,P0174,C0453,3,Least admit magazine industry ten ready.,2023-02-03
R0071,P0012,C0381,5,Authority listen represent kind improve apply memory.,2023-05-02
R0072,P0126,C0469,3,Ago speak scene when meeting building certain.,2023-08-01
R0073,P0191,C0203,1,Site nice collection grow pick first.,2024-10-19
R0074,P0174,C0198,3,Prove organization single make.,2024-10-23
R0075,P0071,C0272,5,Report brother final agency team teacher.,2023-07-16
R0076,P0137,C0095,1,Onto culture several discover term million sometimes.,2024-01-28
R0077,P0065,C0027,2,Drug alone grow sport forget cause cell.,2023-12-27
R0078,P0155,C0282,4,Marriage win including.,2023-06-18
R0079,P0031,C0300,1,With plan control capital main factor.,2023-10-06
R0080,P0076,C0121,2,While news reveal senior.,2023-01-28
R0081,P0109,C0113,1,Last share magazine agreement issue than nor country.,2023-11-02
R0082,P0008,C0408,3,Dinner value class support question manage environment author.,2024-02-28
R0083,P0186,C0182,1,Avoid baby several.,2024-03-02
R0084,P0069,C0275,5,Reflect seek rich painting sea vote or.,2024-05-15
R0085,P0026,C0033,2,Newspaper capital writer require.,2023-09-13
R0086,P0081,C0363,2,Behavior mouth yet boy person perhaps.,2024-08-25
R0087,P0150,C0198,3,Mind realize face.,2024-05-04
R0088,P0156,C0411,4,Area would body specific each.,2024-04-22
R0089,P0097,C0136,4,Western simple face relate fact.,2024-11-09
R0090,P0054,C0204,2,Key middle student natural doctor Congress gun later.,2024-11-08
R0091,P0199,C0447,4,Fight believe nor age.,2023-08-08
R0092,P0025,C0431,5,Page away local according significant.,2023-02-14
R0093,P0142,C0341,2,Nothing research effect identify decade kitchen.,2024-07-28
R0094,P0123,C0047,3,Consumer southern may employee history ground.,2024-09-19
R0095,P0024,C0461,5,Your world start story.,2024-03-13
R0096,P0154,C0235,2,Oil wife too east parent look decide her.,2023-11-01
R0097,P0086,C0248,2,World hit most party break.,2024-02-04
R0098,P0070,C0435,3,Thank once billion.,2024-06-30
R0099,P0143,C0032,1,Forget spend management catch reach around attorney economic.,2023-05-17
R0100,P0052,C0423,4,Human feel after better culture.,2023-12-18
R0101,P0063,C0430,1,Actually hair hot might movie.,2024-08-31
R0102,P0056,C0277,5,Him would investment staff truth difference.,2023-03-26
R0103,P0131,C0234,4,Partner nice everything impact if condition behavior member.,2023-04-10
R0104,P0003,C0176,3,Their and most building almost.,2024-06-18
R0105,P0005,C0135,2,Local exist race language southern.,2023-10-08
R0106,P0053,C0372,5,Suggest job indeed less because tell particularly other.,2024-02-13
R0107,P0067,C0230,4,Start similar describe often dark show.,2024-11-22
R0108,P0116,C0141,2,Rule human worker none.,2024-02-25
R0109,P0191,C0144,1,Outside foot billion effort box.,2023-09-06
R0110,P0086,C0070,4,Program go case pretty.,2024-08-21
R0111,P0082,C0092,3,Understand sign interesting bar join.,2023-06-20
R0112,P0180,C0257,2,Executive should article opportunity stop support.,2023-07-13
R0113,P0136,C0103,5,Such focus agree market author democratic community.,2023-08-22
R0114,P0013,C0471,1,Win relate ask fine arrive democratic.,2022-12-21
R0115,P0018,C0173,3,Member study fly.,2024-03-21
R0116,P0090,C0013,2,Sort employee doctor only environmental which.,2024-11-10
R0117,P0146,C0242,4,Operation throw face side.,2023-05-22
R0118,P0149,C0416,2,On mean like what yard ground employee.,2023-03-03
R0119,P0094,C0310,2,Response whatever however car wind.,2023-01-05
R0120,P0142,C0031,3,Really name way better compare.,2023-06-22
R0121,P0077,C0133,4,Series run charge technology indeed yet.,2023-02-13
R0122,P0124,C0491,1,Condition staff statement your tell.,2024-01-17
R0123,P0177,C0295,1,Movie break author action degree thought must.,2024-10-21
R0124,P0074,C0410,3,Do help show air no must.,2023-08-23
R0125,P0191,C0176,4,Measure discover bad in.,2023-10-01
R0126,P0035,C0333,5,Face performance institution stage.,2024-07-11
R0127,P0151,C0160,1,Former decision wear strong expect.,2024-08-16
R0128,P0067,C0292,4,Deep near reflect space more.,2023-12-27
R0129,P0006,C0079,2,Total ready best experience.,2023-09-24
R0130,P0127,C0226,3,Sort name impact tend top.,2023-05-10
R0131,P0151,C0134,3,Report not feeling per animal building.,2024-11-07
R0132,P0030,C0067,5,Able grow new own clearly.,2023-09-16
R0133,P0130,C0207,5,Deal base former official guy born.,2024-07-07
R0134,P0026,C0257,3,Feeling arrive find should.,2023-04-06
R0135,P0096,C0326,5,Military after leg cover could than instead PM.,2023-02-11
R0136,P0177,C0312,5,Against social religious morning.,2024-06-10
R0137,P0018,C0120,5,Newspaper sea time true suddenly.,2023-08-17
R0138,P0027,C0268,1,Experience art finish.,2023-06-25
R0139,P0145,C0265,5,Improve building service create character.,2023-05-03
R0140,P0173,C0214,2,Wrong difference blood onto anything trial knowledge.,2023-10-27
R0141,P0107,C0404,4,Find modern tree medical case.,2023-12-08
R0142,P0011,C0254,4,End marriage rich worker detail.,2024-10-30
R0143,P0100,C0187,3,Young smile issue around available late information.,2024-06-04
R0144,P0180,C0116,1,Sign we not most pay.,2023-08-08
R0145,P0139,C0054,2,Week someone within bar already part.,2023-05-23
R0146,P0183,C0332,1,That customer could late contain against.,2024-05-16
R0147,P0106,C0162,5,Available central enough news computer.,2024-10-04
R0148,P0195,C0451,2,Gas class away whose stand hair hit one.,2023-11-29
R0149,P0177,C0392,2,Single technology have door.,2023-01-09
R0150,P0036,C0101,1,Audience school rest office reality.,2024-04-20
R0151,P0049,C0314,2,Section opportunity relationship issue really apply.,2023-09-01
R0152,P0193,C0421,3,Where relationship present most hair professor help around.,2024-07-22
R0153,P0081,C0269,5,Area debate fill model.,2023-03-03
R0154,P0094,C0200,3,Agree mean treat get international.,2024-11-25
R0155,P0049,C0020,4,Result in first which consider world technology popular.,2023-10-12
R0156,P0030,C0390,1,Table eat talk company answer.,2023-12-13
R0157,P0082,C0199,4,Analysis receive expert next environmental.,2023-02-27
R0158,P0006,C0244,3,Agency study glass worry material none.,2023-07-20
R0159,P0043,C0084,4,Claim white yes factor movement member.,2024-07-03
R0160,P0093,C0373,4,Interest strategy account beat late.,2023-06-30
R0161,P0171,C0212,4,Team interesting claim rock bar should free treatment.,2023-07-18
R0162,P0002,C0202,3,Today could nice several myself trade.,2023-07-12
R0163,P0001,C0344,2,Chair security much door sure.,2024-09-28
R0164,P0190,C0378,1,Serious difference realize story age.,2023-02-18
R0165,P0032,C0464,5,Continue anyone our hair school live.,2024-02-08
R0166,P0013,C0209,5,Send everybody among something political.,2024-04-25
R0167,P0009,C0313,4,New usually family home international new kind.,2024-07-02
R0168,P0001,C0201,3,Fill choice money stand where personal it.,2024-04-24
R0169,P0068,C0128,2,Discover party quite someone.,2024-08-22
R0170,P0181,C0395,4,Hospital none question natural raise between.,2023-10-19
R0171,P0006,C0311,4,Traditional allow part race theory answer main.,2024-08-07
R0172,P0037,C0012,4,Cost help heart model discussion evidence.,2023-09-04
R0173,P0017,C0038,1,Simply mouth result decide.,2023-08-27
R0174,P0071,C0459,4,Position college hear audience represent.,2024-09-27
R0175,P0142,C0417,4,Mention summer officer five house series.,2024-09-11
R0176,P0016,C0181,4,Face find her best through hospital contain.,2024-07-28
R0177,P0152,C0241,5,Executive drive report table center some form.,2022-12-09
R0178,P0186,C0184,3,Research last door rich push.,2023-07-07
R0179,P0105,C0225,2,Society front film road similar.,2024-02-04
R0180,P0094,C0143,1,Interview occur question last federal.,2024-12-04
R0181,P0002,C0477,1,Act sort early mention imagine.,2023-10-19
R0182,P0180,C0056,3,House half more foreign Mrs agent road television.,2023-10-19
R0183,P0154,C0449,1,Loss both watch lawyer.,2023-03-19
R0184,P0181,C0136,2,Fill option respond fast value.,2024-01-01
R0185,P0130,C0211,1,Point performance certain identify direction country ahead.,2024-04-27
R0186,P0004,C0420,2,He draw our message personal.,2024-01-16
R0187,P0158,C0367,5,Expert ten military study cup production.,2024-11-08
R0188,P0004,C0254,4,According able character occur consider glass.,2024-10-10
R0189,P0065,C0393,1,Important him fall left.,2024-04-17
R0190,P0178,C0309,1,Wonder that table listen development can executive.,2023-11-22
R0191,P0068,C0027,3,Audience special produce gas soon.,2023-03-14
R0192,P0012,C0260,3,Apply money open crime but none it.,2023-06-28
R0193,P0176,C0345,4,Reflect age doctor happen understand policy.,2024-08-02
R0194,P0199,C0492,1,Best grow tell.,2024-11-02
R0195,P0085,C0035,3,Collection rule play win suggest purpose fly note.,2023-04-26
R0196,P0126,C0383,5,Early charge these meet most exactly.,2023-04-24
R0197,P0078,C0259,3,Financial herself player half another.,2023-07-22
R0198,P0143,C0396,2,Himself always cold office onto nor.,2024-02-29
R0199,P0088,C0125,2,Draw cost any return increase court card.,2023-11-15
R0200,P0191,C0192,1,Radio ball already institution human.,2023-08-04
R0201,P0069,C0151,3,Feel answer small fact conference attention image.,2024-04-07
R0202,P0179,C0215,5,Necessary I mouth daughter month.,2023-04-30
R0203,P0187,C0372,1,Black win theory economic lawyer yeah.,2023-09-21
R0204,P0064,C0128,1,Economic item age five soldier draw.,2023-10-15
R0205,P0127,C0064,3,Near long region network space citizen.,2023-11-11
R0206,P0101,C0265,2,Must read along finish.,2024-02-07
R0207,P0100,C0207,3,Part yes executive enough entire.,2024-01-04
R0208,P0026,C0005,3,Feeling expect realize him young little mind.,2024-09-26
R0209,P0028,C0368,2,American Mr even its office.,2024-04-06
R0210,P0159,C0066,3,Past official professional theory daughter movement.,2023-11-22
R0211,P0175,C0417,2,Recently surface possible some.,2024-01-27
R0212,P0049,C0268,1,Part mention huge news yourself.,2023-06-28
R0213,P0190,C0290,5,Responsibility bank offer why fund doctor language.,2023-08-10
R0214,P0052,C0454,1,Market evening security.,2024-08-05
R0215,P0085,C0177,5,Star this history.,2022-12-29
R0216,P0082,C0056,4,Television perhaps development third evening just serve.,2024-06-08
R0217,P0035,C0490,4,Month real improve along choose.,2023-11-16
R0218,P0069,C0074,4,Blood interview long training travel sea.,2023-11-08
R0219,P0109,C0170,2,Get likely performance upon get.,2024-06-03
R0220,P0194,C0223,1,Development something teach edge.,2023-05-19
R0221,P0038,C0469,4,Local all involve skill make.,2023-07-09
R0222,P0105,C0332,1,Property address sound.,2024-06-10
R0223,P0190,C0013,1,Subject prove young reach administration candidate.,2023-08-25
R0224,P0058,C0082,2,Practice any assume with.,2023-03-21
R0225,P0065,C0289,1,Someone spend use.,2024-03-24
R0226,P0130,C0117,1,Stuff catch old yard ok.,2023-11-29
R0227,P0004,C0494,5,Foreign begin would describe each study be.,2024-03-10
R0228,P0016,C0256,4,Account light agree opportunity.,2023-05-29
R0229,P0041,C0080,4,Manager field bar author.,2023-03-29
R0230,P0152,C0298,5,Oil lot end.,2023-01-18
R0231,P0057,C0203,5,Southern situation improve product sure yet.,2023-07-22
R0232,P0128,C0017,3,Wait wonder prepare east task town.,2024-06-04
R0233,P0055,C0383,3,Degree himself book mouth ability.,2024-03-26
R0234,P0181,C0440,4,Trouble left best we house that kitchen after.,2023-07-30
R0235,P0009,C0309,1,Suddenly Congress debate consumer job Mrs.,2023-07-29
R0236,P0112,C0023,5,Also discuss organization subject from a could.,2023-07-24
R0237,P0180,C0001,5,Teacher reality whom cut democratic final area.,2023-06-12
R0238,P0119,C0226,2,Whom agreement old network safe successful.,2023-05-21
R0239,P0147,C0024,5,Interesting everyone world agree magazine stock.,2023-09-09
R0240,P0097,C0460,4,Ball administration pretty young pull issue ahead.,2023-04-08
R0241,P0090,C0180,3,Husband standard charge foot to if.,2023-11-27
R0242,P0122,C0002,4,Land strong simple believe.,2024-11-11
R0243,P0157,C0498,2,Knowledge themselves feeling ago under car operation next.,2023-09-09
R0244,P0061,C0148,1,Appear design culture western worker fill lose.,2024-10-03
R0245,P0088,C0194,2,Structure heavy first lose.,2024-08-30
R0246,P0065,C0377,1,Require heavy growth process.,2024-10-17
R0247,P0004,C0290,4,Sit ground quickly common.,2023-12-28
R0248,P0022,C0362,1,Direction fish she avoid.,2023-12-03
R0249,P0041,C0420,2,Land statement her girl if career.,2024-10-24
R0250,P0085,C0335,5,To discover well gas land put letter wait.,2023-10-29
R0251,P0147,C0331,2,Make lot better real whether single.,2023-01-12
R0252,P0180,C0072,5,Simple type nice at entire.,2023-07-17
R0253,P0072,C0144,2,Would produce trip suddenly old break.,2024-11-10
R0254,P0039,C0011,2,Visit someone analysis actually.,2024-07-25
R0255,P0058,C0066,2,Cut be people understand play city.,2024-01-27
R0256,P0024,C0290,4,Religious partner available town amount maintain lot.,2023-02-21
R0257,P0178,C0057,1,Condition around clear year.,2024-05-22
R0258,P0091,C0429,3,Money east kid group former minute.,2024-11-12
R0259,P0148,C0132,4,According speech seem toward less.,2024-09-18
R0260,P0090,C0159,2,Listen remember thing memory fall each foreign range.,2024-06-07
R0261,P0028,C0180,4,Coach will teacher visit.,2024-09-21
R0262,P0198,C0377,2,Science player network room anything rock become money.,2023-12-14
R0263,P0056,C0442,2,Add accept ready media development act science.,2023-01-06
R0264,P0008,C0332,4,Responsibility skin consumer fall commercial.,2022-12-12
R0265,P0088,C0372,3,Impact week scientist six.,2023-06-02
R0266,P0042,C0162,3,Order fund record into every quickly impact.,2024-03-30
R0267,P0156,C0103,3,Check gas writer.,2024-04-11
R0268,P0193,C0432,4,Public stock serve green half western.,2024-06-15
R0269,P0057,C0260,3,Own new face design step range environmental.,2023-04-13
R0270,P0072,C0087,3,Day society sport tree represent east.,2023-08-05
R0271,P0042,C0087,1,Catch because effect pick see walk even.,2023-08-15
R0272,P0034,C0329,5,Second next available property happen successful name.,2023-08-01
R0273,P0055,C0431,1,Huge certain model western late little light.,2023-08-09
R0274,P0037,C0133,2,Beyond necessary doctor myself rest break.,2023-10-06
R0275,P0064,C0402,2,Group between take community cup attention speech.,2024-11-20
R0276,P0002,C0181,2,Financial heavy this.,2024-10-02
R0277,P0077,C0031,3,Would enjoy size probably maybe though responsibility option.,2023-10-09
R0278,P0013,C0147,4,Then position environmental late bar write democratic.,2024-01-08
R0279,P0058,C0031,3,General toward price pull.,2024-02-27
R0280,P0016,C0302,2,Represent do financial focus edge.,2024-03-16
R0281,P0064,C0180,1,Raise today like ok.,2024-07-26
R0282,P0170,C0182,2,Around over medical sense.,2024-01-15
R0283,P0086,C0265,4,Already order machine rule every.,2024-11-19
R0284,P0171,C0217,2,See staff court those along.,2023-08-14
R0285,P0014,C0080,5,Gas than pick into sort scene.,2023-04-19
R0286,P0076,C0109,3,Down must stage much.,2024-04-17
R0287,P0086,C0367,3,Identify nearly ready it country before.,2024-07-25
R0288,P0046,C0070,2,Article case organization.,2024-04-26
R0289,P0126,C0239,3,Foreign upon job listen close open can scientist.,2024-04-14
R0290,P0047,C0459,3,Far red carry half include film.,2023-02-08
R0291,P0199,C0451,1,Service site over me grow.,2023-11-20
R0292,P0081,C0275,5,Memory success staff single build.,2024-04-01
R0293,P0083,C0465,4,Money cut learn heart.,2024-08-26
R0294,P0019,C0456,4,Method operation short possible traditional degree full.,2023-03-28
R0295,P0186,C0232,4,Adult reach base without.,2024-07-27
R0296,P0068,C0403,4,Trial knowledge floor food threat according system.,2024-09-28
R0297,P0006,C0343,3,Sign PM stay quite method strategy.,2024-11-09
R0298,P0102,C0164,5,Brother process happy national.,2024-11-21
R0299,P0050,C0117,2,Detail western lay notice.,2024-09-25
R0300,P0189,C0456,1,When entire pattern language according week consider.,2024-05-16
R0301,P0131,C0346,5,Always very travel.,2024-05-23
R0302,P0035,C0417,5,Field hotel reflect.,2024-09-22
R0303,P0078,C0124,2,Car on surface summer big company however.,2024-10-02
R0304,P0007,C0311,5,Be simply surface skin line personal.,2023-03-13
R0305,P0106,C0206,1,Whatever agency look debate food measure Mr million.,2023-05-05
R0306,P0135,C0206,1,Less end on material if ready.,2023-11-19
R0307,P0195,C0121,3,Majority year important since must under member.,2024-09-10
R0308,P0134,C0208,1,Notice hour hand memory sea base score.,2024-09-18
R0309,P0156,C0270,4,After project professional five child onto public.,2023-02-11
R0310,P0022,C0070,2,Total behind level eat lawyer pretty authority.,2024-11-23
R0311,P0082,C0061,5,Quite medical fire travel growth rest.,2024-03-14
R0312,P0067,C0285,3,Structure cup decide blue to bed less thousand.,2024-09-11
R0313,P0022,C0177,2,Fear option personal organization.,2024-02-28
R0314,P0047,C0285,3,Prove certain physical old.,2024-06-23
R0315,P0044,C0466,3,Wall office job water energy.,2023-10-02
R0316,P0092,C0268,2,Bad bad whole Democrat.,2023-01-09
R0317,P0054,C0026,4,Much policy employee than couple baby.,2024-11-26
R0318,P0177,C0173,3,Really pass money rest amount peace thought.,2023-05-02
R0319,P0091,C0146,2,Drug without treat between write bar suggest.,2024-03-21
R0320,P0030,C0388,5,Hit future mean instead myself.,2023-04-23
R0321,P0057,C0122,3,Remain this pick.,2024-09-29
R0322,P0132,C0177,4,Across mission food under hotel apply many project.,2024-03-10
R0323,P0042,C0330,4,Task scene phone.,2023-06-16
R0324,P0124,C0024,1,Seat leg still community show positive look.,2024-07-01
R0325,P0177,C0225,3,Tv push language window feeling wide.,2024-04-24
R0326,P0113,C0192,5,Strategy purpose data green without alone.,2024-06-28
R0327,P0165,C0493,3,Bag big responsibility training resource question standard product.,2023-03-10
R0328,P0184,C0352,1,Cost moment available election too point magazine.,2023-08-31
R0329,P0041,C0308,5,Finish maybe air company where pick.,2023-06-24
R0330,P0147,C0263,3,Want mother set entire.,2024-09-17
R0331,P0021,C0167,3,Look serve top option.,2023-09-27
R0332,P0044,C0228,3,Begin could personal fall nation including store.,2024-02-22
R0333,P0178,C0046,1,Likely college level cultural else guess from.,2022-12-19
R0334,P0021,C0475,1,Together quite likely of style agency including.,2024-11-01
R0335,P0048,C0355,5,Without morning deal minute.,2024-06-07
R0336,P0122,C0226,1,Deep central pull raise fish reality degree account.,2023-02-21
R0337,P0160,C0488,2,Should run western financial.,2023-06-13
R0338,P0083,C0058,5,Against sense project positive blood environmental.,2023-09-03
R0339,P0147,C0250,5,Industry course consider.,2023-09-08
R0340,P0010,C0307,1,Sometimes baby ok project offer near.,2023-05-23
R0341,P0175,C0098,3,Not they ever yard today tax upon.,2024-07-14
R0342,P0038,C0243,4,Short development run game.,2023-11-16
R0343,P0139,C0258,3,Whom eye clear reality.,2024-07-25
R0344,P0050,C0032,2,Perform positive adult where since expert fast red.,2023-02-03
R0345,P0094,C0055,5,Movie as director nation reveal.,2023-01-13
R0346,P0100,C0093,1,Assume fire recent.,2023-03-05
R0347,P0200,C0500,5,When story approach person agent.,2023-05-26
R0348,P0126,C0005,1,Last protect we game old scientist.,2024-01-25
R0349,P0146,C0188,3,Per gas clearly left particular.,2023-12-25
R0350,P0175,C0189,3,Wait different raise as.,2024-05-04
R0351,P0181,C0396,1,Claim tree mission network forward cut space.,2023-01-17
R0352,P0091,C0327,3,Cup church fill who vote style effort process.,2023-07-29
R0353,P0084,C0338,3,Identify risk source main.,2024-11-07
R0354,P0041,C0217,1,Think until health standard tough free along.,2023-12-01
R0355,P0119,C0186,4,Close lead manage during phone south specific.,2024-05-11
R0356,P0085,C0015,4,Shake reduce generation world floor executive reduce.,2024-07-16
R0357,P0053,C0231,5,Music president picture.,2024-10-29
R0358,P0023,C0008,3,Would fish case between early environment.,2024-02-24
R0359,P0157,C0491,4,Wish they plant half choose north.,2024-02-17
R0360,P0026,C0383,2,Behavior central most.,2024-06-02
R0361,P0075,C0140,2,Sing story smile machine give.,2023-05-19
R0362,P0157,C0383,3,Direction alone perform do.,2024-08-06
R0363,P0144,C0144,4,Worry thing brother.,2024-06-16
R0364,P0032,C0349,5,Hope stop nor rise staff mission next.,2023-09-09
R0365,P0127,C0460,1,Successful senior at produce power lot family.,2023-04-15
R0366,P0108,C0141,2,Talk identify compare stand light recognize several during.,2023-09-25
R0367,P0009,C0097,2,Organization series gun cut hand.,2023-04-11
R0368,P0146,C0323,3,Beautiful increase size law appear herself news begin.,2024-03-02
R0369,P0029,C0029,4,Goal or natural.,2024-10-05
R0370,P0004,C0129,5,Seven from lay.,2024-02-18
R0371,P0137,C0410,5,Fill expert care industry despite leg model throughout.,2024-08-15
R0372,P0186,C0144,3,Court institution have main impact can hope inside.,2024-01-24
R0373,P0127,C0025,2,Bad great price military crime federal smile product.,2023-06-20
R0374,P0012,C0384,5,Let place carry show could like.,2024-07-17
R0375,P0199,C0265,1,Clear interview baby husband these degree shake.,2023-08-07
R0376,P0078,C0471,4,Area music environment kitchen establish.,2024-12-03
R0377,P0043,C0343,3,Whatever simply week maintain woman law everything.,2024-07-30
R0378,P0142,C0073,5,All huge really not themselves.,2023-09-22
R0379,P0177,C0209,2,Person decade month.,2024-07-08
R0380,P0199,C0102,2,Worker notice together scientist director there.,2023-09-15
R0381,P0014,C0457,4,Hold democratic traditional detail.,2024-11-25
R0382,P0035,C0223,1,Now enough discuss commercial game former style amount.,2023-07-22
R0383,P0154,C0471,3,I strategy evidence president join.,2024-07-11
R0384,P0028,C0462,2,Kitchen above meeting.,2023-08-29
R0385,P0150,C0081,5,Various than idea each cause.,2024-05-16
R0386,P0065,C0476,1,Give indicate throughout something simply few.,2023-11-28
R0387,P0165,C0336,2,Far without prepare actually front reality.,2023-09-23
R0388,P0052,C0373,4,Quality manager soon car.,2024-11-17
R0389,P0191,C0368,4,Voice report fly for current through government.,2024-02-25
R0390,P0015,C0308,5,Particularly strategy require lawyer raise.,2023-02-28
R0391,P0136,C0212,3,Short forward once.,2023-09-20
R0392,P0168,C0033,3,Mother thought mother race house expect another deep.,2023-02-19
R0393,P0018,C0113,2,In per tell young morning without range.,2023-06-21
R0394,P0160,C0135,1,Same provide a season true necessary industry themselves.,2024-02-05
R0395,P0055,C0083,2,Man make almost audience major law article.,2023-01-14
R0396,P0054,C0111,2,Even sort car company appear state wife.,2024-05-25
R0397,P0026,C0277,2,Special four point.,2024-02-14
R0398,P0071,C0304,2,Star fine Mr forget position husband budget.,2023-04-03
R0399,P0196,C0224,4,Level early sound business.,2023-12-29
R0400,P0196,C0013,4,Material church economy education.,2023-10-27
R0401,P0061,C0166,3,Design likely action former.,2024-05-12
R0402,P0133,C0226,4,Sea character ground per fill hard.,2024-01-30
R0403,P0052,C0174,3,Stand indicate financial gas.,2023-01-26
R0404,P0074,C0154,3,Real oil while address risk.,2023-01-18
R0405,P0006,C0069,3,Serious rest writer building few sister.,2024-11-24
R0406,P0038,C0276,4,No mean idea prevent.,2023-06-05
R0407,P0160,C0172,2,Administration her your give husband.,2024-10-19
R0408,P0050,C0244,3,Recently lawyer prepare election manage class choice.,2023-09-08
R0409,P0128,C0007,1,Create morning meeting TV far.,2024-03-18
R0410,P0154,C0201,1,Bit growth wrong business participant expect purpose decision.,2023-07-29
R0411,P0120,C0489,1,Probably size political town get last party.,2023-03-22
R0412,P0150,C0238,2,Bed what beautiful top short support.,2023-04-01
R0413,P0053,C0357,3,Particularly meeting concern analysis few.,2022-12-16
R0414,P0193,C0438,3,We return hit.,2024-09-07
R0415,P0126,C0389,1,Daughter nation all not team others window.,2024-06-26
R0416,P0009,C0076,5,Behavior wind event consumer until however story try.,2023-02-24
R0417,P0069,C0417,5,Professional themselves dinner go right.,2023-05-24
R0418,P0198,C0369,5,Attack house herself life medical town.,2022-12-14
R0419,P0012,C0029,4,Always ago because discuss property try if.,2023-09-17
R0420,P0118,C0110,4,National financial movement energy wife.,2023-08-14
R0421,P0110,C0377,5,Upon expect provide popular price.,2023-11-05
R0422,P0141,C0456,2,Might stock although summer medical nation level Republican.,2023-07-17
R0423,P0172,C0126,2,Service main deep later.,2023-10-31
R0424,P0086,C0173,5,Through everybody her mouth write star would.,2023-06-25
R0425,P0023,C0468,1,Cold receive charge keep recent push machine if.,2023-01-11
R0426,P0142,C0185,3,Ever sell ten wide.,2024-05-31
R0427,P0072,C0217,5,History several admit something read already.,2024-10-20
R0428,P0037,C0325,5,Most behind large Republican.,2024-09-06
R0429,P0169,C0337,5,Food although value early thought color.,2023-09-22
R0430,P0185,C0156,1,Window ago financial eight figure create popular word.,2022-12-29
R0431,P0056,C0188,3,Dinner power hair any.,2023-10-04
R0432,P0089,C0301,1,Through cut after.,2024-10-05
R0433,P0176,C0115,4,Thousand within some Republican.,2024-09-27
R0434,P0099,C0084,3,Attack program cost everything fear recently.,2023-04-12
R0435,P0075,C0229,3,Set child certain decade weight.,2023-08-22
R0436,P0037,C0329,1,Another PM throughout.,2023-05-29
R0437,P0049,C0154,3,Page yeah general in health poor.,2024-09-08
R0438,P0107,C0363,2,Positive read yourself say once happen president sound.,2023-11-18
R0439,P0076,C0366,2,More radio hold investment whatever.,2024-05-18
R0440,P0142,C0110,5,Offer tend form dark culture seven law.,2023-03-28
R0441,P0166,C0324,5,Challenge certain begin relate.,2023-02-04
R0442,P0150,C0360,4,Ten happen someone must behavior condition get.,2024-04-18
R0443,P0112,C0356,2,Director save then note player sure group author.,2023-11-23
R0444,P0090,C0139,2,Trade whether president view change foreign exactly.,2023-07-03
R0445,P0164,C0404,2,Face pick rate throughout set action talk.,2023-12-20
R0446,P0143,C0336,4,Couple wind apply into.,2024-05-03
R0447,P0013,C0482,4,Necessary avoid push.,2022-12-30
R0448,P0042,C0323,2,Region bank behind short morning.,2024-03-29
R0449,P0056,C0430,1,Me admit two rate maybe.,2024-08-10
R0450,P0083,C0148,4,Type often modern really way artist today.,2023-05-22
R0451,P0052,C0432,5,Century send turn again back ok sister.,2023-10-30
R0452,P0017,C0090,3,Participant member place.,2024-03-28
R0453,P0196,C0481,4,Model trouble recognize themselves.,2024-05-15
R0454,P0013,C0132,3,Able save PM six stay seat both.,2024-10-11
R0455,P0195,C0056,3,Ask pay admit feel plan site allow.,2022-12-07
R0456,P0195,C0279,5,Show sell difference whatever.,2024-11-09
R0457,P0047,C0155,3,Similar represent rich finally surface.,2024-04-21
R0458,P0192,C0200,1,Guess watch foot child fight offer rather eight.,2023-10-13
R0459,P0194,C0368,5,Field the account cold simply mouth.,2024-01-18
R0460,P0097,C0164,2,Ability can half human.,2024-09-25
R0461,P0102,C0431,4,Believe again another expert reason blue finally.,2023-02-09
R0462,P0121,C0016,2,Job surface somebody everything item.,2024-06-27
R0463,P0194,C0451,4,Various argue development four author play seven look.,2024-07-02
R0464,P0039,C0339,3,Assume likely work area else ability.,2022-12-05
R0465,P0104,C0398,1,Quite early soldier along claim organization animal.,2024-03-09
R0466,P0032,C0323,4,Across give hold south.,2023-05-26
R0467,P0081,C0087,2,Billion in give fire these account century build.,2023-03-21
R0468,P0004,C0259,3,Sound appear speak institution market alone.,2024-08-22
R0469,P0025,C0170,4,Week remain as impact happy foot clearly.,2023-03-04
R0470,P0190,C0311,1,Music direction move game second include.,2024-02-24
R0471,P0058,C0072,4,Address only look last economy.,2024-06-17
R0472,P0178,C0146,1,Send us although pretty.,2024-11-16
R0473,P0021,C0187,2,Full ten remember author rather yeah hour.,2023-06-30
R0474,P0169,C0274,1,Pull section force top.,2022-12-07
R0475,P0029,C0496,2,Establish various risk situation.,2023-07-03
R0476,P0004,C0101,5,Mrs ahead wonder let environment standard.,2024-04-29
R0477,P0063,C0335,5,Single quality personal develop chance dark.,2024-05-19
R0478,P0070,C0412,5,Some modern little another.,2023-08-02
R0479,P0036,C0219,4,Play establish live serious trade turn.,2024-11-10
R0480,P0008,C0463,5,Quality difference cost new specific.,2024-02-06
R0481,P0173,C0223,1,Great near base news politics treat edge.,2023-01-11
R0482,P0048,C0193,3,Soldier keep event drug.,2023-01-28
R0483,P0009,C0247,1,Medical must make month mind interesting.,2023-09-18
R0484,P0154,C0086,2,Tough star provide data enjoy hope chair.,2024-02-03
R0485,P0060,C0154,5,Into international same collection ago.,2023-09-14
R0486,P0123,C0085,1,Soldier ok develop analysis how.,2023-01-01
R0487,P0021,C0281,4,Under physical agree serve pass left.,2024-09-17
R0488,P0112,C0068,5,Instead citizen then your apply.,2023-12-01
R0489,P0067,C0336,2,Continue him down rest should.,2022-12-05
R0490,P0069,C0201,5,Create base statement call result end education.,2023-11-29
R0491,P0145,C0490,2,Radio interesting easy nor most away.,2024-04-25
R0492,P0139,C0272,2,Character forward however line history face art.,2023-08-08
R0493,P0004,C0491,1,Section community word trade year although point.,2023-08-23
R0494,P0193,C0129,2,Event organization boy training.,2024-10-29
R0495,P0051,C0358,5,Produce order low put best.,2023-07-30
R0496,P0098,C0159,5,You when statement girl degree lawyer.,2023-10-13
R0497,P0108,C0386,5,Be interesting maintain whether property attack church lose.,2024-01-20
R0498,P0080,C0362,1,Control age return allow give site.,2023-10-15
R0499,P0026,C0347,5,Red account four artist factor challenge amount.,2023-04-19
R0500,P0154,C0298,1,Maybe tax instead she.,2024-06-01
R0501,P0140,C0383,3,Religious skill will.,2024-04-26
R0502,P0018,C0088,5,Although either book fact theory full professional.,2024-09-01
R0503,P0148,C0306,3,Too manager government full total our.,2024-01-18
R0504,P0053,C0422,5,Partner bank few assume girl quite.,2024-09-01
R0505,P0180,C0243,5,Writer meeting parent clearly few question.,2023-08-25
R0506,P0122,C0358,5,Guess establish deal or.,2024-10-25
R0507,P0068,C0428,2,Because billion question far population idea.,2023-04-10
R0508,P0063,C0153,3,Church nearly red young act also.,2024-03-18
R0509,P0142,C0069,2,Fact form course break soon.,2024-10-15
R0510,P0195,C0463,5,Growth recent yes according call skill under.,2024-10-02
R0511,P0158,C0289,1,Rise have these spring drive art.,2024-05-21
R0512,P0001,C0430,1,Name produce wait beautiful work particular eat.,2023-03-26
R0513,P0133,C0379,5,Care teacher individual center.,2024-04-03
R0514,P0007,C0499,1,Accept trouble show after.,2024-08-11
R0515,P0167,C0187,3,Morning his marriage yourself join.,2024-06-30
R0516,P0131,C0209,4,Between word different.,2023-06-28
R0517,P0138,C0017,5,Say year air radio impact at again.,2023-08-31
R0518,P0109,C0306,4,Lose action air task do national charge school.,2023-08-28
R0519,P0099,C0157,3,Also edge none course than quite politics.,2024-07-25
R0520,P0049,C0229,2,Least body firm really listen head material.,2024-04-27
R0521,P0079,C0400,5,Talk so buy wear.,2023-10-22
R0522,P0027,C0200,4,Down maintain black.,2024-07-03
R0523,P0139,C0197,5,Reduce may specific whole.,2023-02-03
R0524,P0024,C0453,2,Them choose learn traditional guy simple.,2023-02-16
R0525,P0038,C0065,3,Bar character himself change economic executive.,2024-03-30
R0526,P0046,C0124,4,Agreement executive fund choose relationship air.,2023-06-16
R0527,P0030,C0453,5,Tree mouth travel discover fly.,2023-02-01
R0528,P0042,C0431,2,Really behavior what hard administration out detail threat.,2023-01-23
R0529,P0042,C0191,2,Candidate bag we its find.,2022-12-09
R0530,P0157,C0145,5,Girl main entire.,2024-03-16
R0531,P0175,C0230,3,Customer center increase increase great word.,2024-08-24
R0532,P0082,C0172,1,Marriage national response figure box world.,2024-06-18
R0533,P0053,C0457,3,Court trade image.,2023-10-14
R0534,P0077,C0283,1,Discuss however yeah however wish use seem.,2024-09-22
R0535,P0114,C0244,2,Stop government finish seek.,2024-10-05
R0536,P0185,C0420,1,Brother government nearly positive show style.,2024-07-28
R0537,P0026,C0398,4,Concern now bed future common ok only.,2024-07-10
R0538,P0162,C0044,3,Event data nothing decade theory between writer national.,2024-05-12
R0539,P0019,C0077,1,Room song door expert hand stuff.,2024-02-13
R0540,P0131,C0487,3,His become shake job green tree right.,2023-07-28
R0541,P0080,C0446,3,Argue happen stop fill crime.,2023-05-25
R0542,P0164,C0409,4,Home rate police voice no number.,2024-09-04
R0543,P0190,C0331,4,Wide push politics one discuss method message.,2024-04-03
R0544,P0160,C0321,3,Data forward Congress a.,2023-07-26
R0545,P0091,C0292,2,Certainly research indeed according.,2023-11-12
R0546,P0166,C0463,3,Baby personal long early capital.,2024-05-01
R0547,P0100,C0186,3,Safe scientist defense including economic federal.,2024-10-02
R0548,P0003,C0367,3,Skin bed store those thank.,2024-07-21
R0549,P0086,C0470,2,Large need name history glass analysis.,2024-09-22
R0550,P0194,C0057,1,However official shoulder easy could continue.,2023-05-11
R0551,P0064,C0179,4,Here detail western cold probably stage strategy bring.,2023-01-04
R0552,P0151,C0425,5,Sense team room turn certainly culture buy evidence.,2024-02-17
R0553,P0109,C0251,3,Relationship fill three address design several.,2023-04-02
R0554,P0077,C0459,3,Represent perform very discover respond little.,2023-09-24
R0555,P0087,C0045,2,Call trip capital.,2023-04-06
R0556,P0149,C0447,5,Reduce will task represent nor.,2024-11-01
R0557,P0004,C0332,2,Field strong quickly stand beautiful compare rest.,2024-10-18
R0558,P0034,C0034,2,Budget spend six guy.,2023-07-15
R0559,P0071,C0206,2,Better five card especially when.,2023-12-08
R0560,P0044,C0209,1,Page beyond read later difference spend.,2023-05-28
R0561,P0135,C0291,1,Place share heavy director executive office.,2023-09-01
R0562,P0186,C0357,4,Lose either score public.,2022-12-21
R0563,P0126,C0128,4,Free low indeed view reality capital.,2023-06-09
R0564,P0167,C0232,4,Strong room indicate again always near.,2024-09-15
R0565,P0119,C0247,2,At share interview middle summer.,2024-04-23
R0566,P0010,C0242,2,Reach simply street step whom.,2024-03-02
R0567,P0072,C0316,3,So anyone special television.,2023-06-11
R0568,P0019,C0357,2,Step article little surface chair note.,2023-03-08
R0569,P0147,C0006,4,Term man letter kid.,2024-11-18
R0570,P0028,C0404,2,Prevent government always card meet.,2024-07-22
R0571,P0166,C0375,3,Finally force entire return each attack next expect.,2023-04-08
R0572,P0011,C0418,2,Already including cut control.,2024-02-22
R0573,P0195,C0055,3,Add individual behind loss have marriage resource.,2024-05-08
R0574,P0143,C0149,4,Line arrive decade else discover.,2023-09-24
R0575,P0004,C0008,3,Investment matter other.,2024-05-20
R0576,P0054,C0022,2,Board act ball radio expect.,2024-06-16
R0577,P0022,C0062,2,Stuff activity develop radio enough deal.,2023-04-01
R0578,P0200,C0432,4,Response everyone wind recent remember.,2024-02-08
R0579,P0184,C0264,3,Hot room car.,2024-07-21
R0580,P0187,C0417,5,It mother then find.,2024-04-22
R0581,P0008,C0123,5,Environment over control.,2023-02-18
R0582,P0151,C0048,2,Party minute affect card strategy statement subject.,2023-07-19
R0583,P0022,C0257,3,Positive he soon idea.,2023-07-15
R0584,P0003,C0046,1,Thus place without country better relate.,2023-04-11
R0585,P0182,C0373,4,Season catch speak.,2024-09-07
R0586,P0093,C0051,3,Drug drug believe.,2024-03-31
R0587,P0165,C0099,2,Its help art.,2023-06-18
R0588,P0129,C0316,3,White order opportunity fight house mission measure trade.,2023-02-05
R0589,P0011,C0004,2,Country game either life avoid a.,2023-09-30
R0590,P0061,C0292,2,Group full pay week group.,2023-05-27
R0591,P0170,C0346,4,Call once lot into project special mention against.,2023-10-26
R0592,P0097,C0376,4,Among show performance full piece.,2024-03-09
R0593,P0157,C0336,1,Doctor dog fall send over tough low.,2024-09-02
R0594,P0115,C0367,2,Hear grow someone trouble.,2023-01-23
R0595,P0136,C0128,3,Stage concern reach expect standard.,2023-02-11
R0596,P0016,C0458,3,Garden mission world exactly perform truth low.,2023-07-24
R0597,P0186,C0302,4,Clear loss officer truth great if report.,2023-02-21
R0598,P0119,C0320,3,Congress look long that.,2024-08-21
R0599,P0143,C0031,2,Outside south put official catch yes art before.,2024-05-07
R0600,P0184,C0286,5,Writer cut computer two.,2024-09-03
R0601,P0200,C0296,4,Poor play important before above sea total.,2023-03-08
R0602,P0190,C0145,1,Who start enjoy explain yes his.,2024-01-16
R0603,P0200,C0283,1,Show writer never worry a up.,2024-07-01
R0604,P0143,C0253,5,Bank sit beat summer environment second table.,2024-01-17
R0605,P0156,C0204,2,Father capital director.,2023-08-05
R0606,P0121,C0490,4,Determine hand he would.,2022-12-19
R0607,P0083,C0065,1,State artist sport same hard.,2024-08-16
R0608,P0042,C0022,4,Everyone opportunity term.,2023-09-04
R0609,P0171,C0107,4,See almost value week discuss computer amount.,2023-03-09
R0610,P0107,C0274,1,Listen single address street.,2023-09-03
R0611,P0190,C0084,4,Medical pull road herself.,2024-01-30
R0612,P0106,C0108,2,Consider along enough dark.,2022-12-12
R0613,P0057,C0460,4,Short stage item we enough level significant.,2023-11-14
R0614,P0171,C0283,5,Want watch meet television.,2023-03-24
R0615,P0003,C0443,5,Position voice watch low reason two source.,2024-10-12
R0616,P0031,C0312,2,Top kid production speech.,2024-10-10
R0617,P0130,C0361,4,Dog deal anyone computer.,2024-11-18
R0618,P0001,C0391,4,Rule best small recent through too civil.,2023-09-05
R0619,P0022,C0179,4,Another class avoid large.,2023-04-07
R0620,P0135,C0224,5,Play home each as process anything strategy.,2023-12-22
R0621,P0031,C0127,5,Certain maybe address buy perform maybe moment.,2024-12-03
R0622,P0093,C0270,5,Pay which attack its economy store.,2023-09-05
R0623,P0121,C0256,3,Spend voice worker environmental.,2023-05-03
R0624,P0184,C0025,1,Radio top may treat approach exactly seven.,2023-12-24
R0625,P0005,C0423,2,Discussion behind town kitchen art design may.,2024-08-04
R0626,P0073,C0422,2,Herself identify indeed recent let.,2023-10-31
R0627,P0073,C0122,1,Exist process anything natural once.,2023-08-16
R0628,P0137,C0498,2,Chair just go idea company fish.,2023-03-22
R0629,P0138,C0073,2,Eye old upon artist.,2023-10-25
R0630,P0045,C0347,4,Laugh on prevent shake newspaper several prove.,2024-01-15
R0631,P0075,C0393,5,Woman none commercial everyone system training green.,2023-07-15
R0632,P0083,C0045,5,Guy knowledge leave behavior shake friend.,2023-10-25
R0633,P0060,C0371,2,History collection attack operation.,2024-10-14
R0634,P0160,C0264,3,Debate seven focus across explain change.,2023-05-08
R0635,P0192,C0359,4,Society common perform risk part role nearly sure.,2023-02-02
R0636,P0029,C0411,1,Place natural put local money financial offer.,2024-12-02
R0637,P0134,C0068,5,Lose simply other low want central.,2023-01-26
R0638,P0198,C0164,1,Reality act discuss.,2024-03-18
R0639,P0172,C0450,4,Space they better over language participant table old.,2024-03-05
R0640,P0158,C0259,5,Man threat save school almost no.,2024-09-20
R0641,P0191,C0438,1,Paper beautiful bag them money role.,2023-11-25
R0642,P0091,C0067,2,Stay provide sport someone though.,2023-06-18
R0643,P0168,C0392,2,These discuss figure assume include.,2024-06-06
R0644,P0075,C0456,1,Foreign foot statement behavior I better worker each.,2023-11-02
R0645,P0025,C0007,5,Understand return interview include.,2024-04-29
R0646,P0009,C0235,5,Address maybe result lead family.,2024-08-29
R0647,P0191,C0270,4,Five soon other here draw garden.,2024-04-22
R0648,P0104,C0496,4,Business want center popular seem far.,2024-01-22
R0649,P0099,C0037,5,What by institution true join.,2022-12-22
R0650,P0004,C0468,5,Or response strong cold necessary gun.,2024-10-22
R0651,P0013,C0185,4,Several spring necessary when.,2024-05-11
R0652,P0161,C0285,4,Population sea particular wish over.,2024-06-04
R0653,P0042,C0334,2,Share hard drug food several.,2024-08-14
R0654,P0145,C0259,3,Role pass record science seat shake data either.,2024-08-10
R0655,P0085,C0428,5,Perhaps cost wrong parent line say collection heart.,2024-01-01
R0656,P0177,C0312,2,Successful walk its movement study this.,2023-10-27
R0657,P0109,C0422,4,Give space ten south institution notice talk truth.,2023-10-07
R0658,P0015,C0360,4,Camera happy own rather road doctor here.,2023-08-23
R0659,P0038,C0342,4,Rich eight trip of.,2023-03-05
R0660,P0005,C0399,3,Inside picture much own natural.,2023-09-26
R0661,P0077,C0095,3,Stock personal wait.,2023-09-06
R0662,P0155,C0212,1,Time become analysis thousand move.,2024-11-29
R0663,P0084,C0500,4,Face do economic shake range car yeah.,2023-05-15
R0664,P0114,C0427,5,Whole safe blood feel side start leader.,2024-03-07
R0665,P0100,C0047,5,Finally activity newspaper still doctor accept discussion.,2023-08-01
R0666,P0178,C0011,5,Difference run base worry lay.,2023-03-03
R0667,P0107,C0471,3,Worker crime not from religious.,2023-05-19
R0668,P0090,C0070,5,Gas system how still my.,2024-02-23
R0669,P0016,C0110,3,Yard example back approach a executive popular along.,2024-02-10
R0670,P0172,C0138,4,Machine bad occur level law tax.,2023-03-24
R0671,P0127,C0211,4,Laugh crime force manager build final history.,2023-11-06
R0672,P0084,C0346,3,Federal behind theory though decide middle.,2024-07-01
R0673,P0144,C0494,5,Mean assume challenge style edge outside gun.,2023-04-15
R0674,P0179,C0374,2,Particularly the support that staff evidence.,2023-01-13
R0675,P0086,C0020,3,Alone trip safe report me control charge.,2024-09-04
R0676,P0065,C0477,4,So value forget thing art whom country goal.,2023-02-02
R0677,P0035,C0120,1,Example however old.,2023-04-28
R0678,P0114,C0083,2,Majority measure consider exist and.,2023-08-29
R0679,P0049,C0255,3,Phone wait budget perform chance.,2023-08-17
R0680,P0165,C0499,3,Language speak either couple table news stage he.,2023-07-05
R0681,P0064,C0246,3,Less several model wall different rule majority.,2023-01-20
R0682,P0106,C0382,5,City both born table material city.,2023-05-23
R0683,P0129,C0100,5,Cold serve network respond factor.,2023-02-15
R0684,P0068,C0062,5,Because born grow name example key.,2023-02-27
R0685,P0080,C0104,5,Rather price share understand thing strong suffer.,2024-04-18
R0686,P0098,C0271,1,Speak them south natural center suggest public.,2022-12-27
R0687,P0116,C0438,3,Staff simple smile force.,2023-04-18
R0688,P0137,C0131,3,Just onto when subject.,2024-05-26
R0689,P0034,C0469,3,Check court determine allow sell.,2024-03-07
R0690,P0163,C0137,4,Dark receive effect decade out put then.,2023-09-02
R0691,P0200,C0279,2,Science stuff one change responsibility these.,2024-11-06
R0692,P0170,C0240,1,Compare fight however apply health wear would.,2022-12-15
R0693,P0148,C0183,4,Sign recent artist herself.,2024-09-13
R0694,P0140,C0214,4,Begin name represent action.,2024-08-03
R0695,P0102,C0226,4,Something democratic order health first.,2024-02-25
R0696,P0162,C0157,4,Whole woman recognize season serious along for need.,2024-06-24
R0697,P0009,C0078,5,Simple moment behind analysis few.,2023-06-26
R0698,P0167,C0208,1,Sort of next issue adult security air source.,2024-12-01
R0699,P0173,C0141,1,Information the clear above.,2024-09-28
R0700,P0081,C0485,3,Experience final summer address.,2024-03-13
R0701,P0178,C0411,3,Machine beautiful treatment what cup region education.,2024-10-28
R0702,P0193,C0054,5,Need listen degree.,2024-06-24
R0703,P0138,C0124,4,Inside serious best imagine world.,2024-09-20
R0704,P0119,C0070,1,On commercial yeah ok serve strong bed admit.,2024-12-02
R0705,P0044,C0434,5,Marriage cultural firm president year power whom.,2023-05-18
R0706,P0199,C0488,5,Team test inside.,2024-05-15
R0707,P0064,C0182,3,Way hospital lose either true seem during.,2023-03-15
R0708,P0033,C0475,4,Environment left side know.,2024-09-12
R0709,P0177,C0175,3,Drug whom economy according fire.,2024-01-30
R0710,P0131,C0389,1,Pressure prevent respond say better most.,2023-05-30
R0711,P0008,C0320,2,Meeting instead role.,2024-03-12
R0712,P0194,C0284,1,Require wait its her anyone establish quite.,2023-03-05
R0713,P0087,C0248,2,Risk quality long that despite fly.,2023-02-20
R0714,P0127,C0003,2,Student speak long total.,2023-03-17
R0715,P0130,C0101,5,Manager west read power day use.,2024-09-05
R0716,P0161,C0485,2,Section kid hit science.,2024-07-08
R0717,P0032,C0079,3,Weight state task cultural message.,2022-12-09
R0718,P0193,C0363,3,War increase condition certainly inside happy.,2024-05-04
R0719,P0125,C0405,5,Gas hope source thank.,2024-04-24
R0720,P0191,C0394,5,Arm difference Republican four place.,2023-04-22
R0721,P0153,C0157,5,Read federal tend where treatment new smile degree.,2024-03-13
R0722,P0099,C0046,1,Represent source cost else knowledge.,2024-02-29
R0723,P0144,C0380,5,Recognize home energy more.,2023-05-29
R0724,P0049,C0336,2,Exist realize live water traditional.,2023-10-11
R0725,P0047,C0307,5,Garden middle above technology sister.,2023-12-10
R0726,P0152,C0277,3,Entire far through capital attack Republican.,2024-06-21
R0727,P0036,C0001,5,Develop develop write issue movement collection.,2023-07-31
R0728,P0191,C0211,5,Compare peace candidate record reason again focus.,2024-03-09
R0729,P0008,C0491,1,I page left same final become couple value.,2023-06-07
R0730,P0090,C0072,5,Still occur detail voice type.,2023-12-29
R0731,P0125,C0120,4,Item staff reason win without.,2023-12-05
R0732,P0065,C0320,4,Policy voice letter direction in next industry in.,2023-11-07
R0733,P0091,C0148,2,Program chair teacher whose news.,2023-07-04
R0734,P0095,C0488,2,Film wish whole court everybody check.,2024-04-25
R0735,P0018,C0380,5,Should important hotel person.,2022-12-13
R0736,P0177,C0374,4,Recognize building education executive free.,2023-08-15
R0737,P0115,C0261,5,Over operation industry customer.,2023-05-30
R0738,P0032,C0494,2,Executive rather world over president.,2024-03-21
R0739,P0110,C0468,3,Major science lay or bed.,2023-08-18
R0740,P0031,C0400,3,Small story west well family market safe.,2023-10-08
R0741,P0189,C0016,1,Day forget hear city should subject.,2024-03-27
R0742,P0156,C0223,2,Line friend single before hear sell clearly.,2024-09-18
R0743,P0108,C0003,1,Way health hear degree commercial sea former.,2024-02-21
R0744,P0074,C0439,4,May common gas now.,2023-03-28
R0745,P0091,C0152,2,Power someone speak.,2023-08-23
R0746,P0084,C0170,5,Environmental successful outside wall near stage amount.,2023-08-03
R0747,P0094,C0387,5,On like half.,2023-05-16
R0748,P0060,C0496,3,Could bit movement official manage American already set.,2023-05-13
R0749,P0011,C0327,4,From beyond a.,2023-03-17
R0750,P0037,C0487,3,Best man admit house such left.,2023-07-01
